sample_role,score_bucket,loans,bads,bad_rate
covid_holdout,510,5,0,0.0
covid_holdout,750,203,0,0.0
covid_holdout,760,61,0,0.0
covid_holdout,770,2,0,0.0
covid_holdout,710,2173,0,0.0
covid_holdout,740,548,0,0.0
monitor,680,3447,0,
monitor,500,12,0,
monitor,540,1616,0,
monitor,590,7830,0,
monitor,630,9702,0,
monitor,520,269,0,
monitor,560,4132,0,
monitor,620,9563,0,
monitor,700,1605,0,
monitor,640,8999,0,
monitor,690,2486,0,
monitor,510,94,0,
monitor,660,6370,0,
monitor,650,8071,0,
monitor,550,2761,0,
monitor,570,5522,0,
monitor,580,6697,0,
monitor,720,653,0,
monitor,610,9200,0,
monitor,740,163,0,
monitor,710,1038,0,
monitor,490,3,0,
monitor,530,703,0,
monitor,730,314,0,
monitor,600,8644,0,
monitor,760,22,0,
monitor,670,5077,0,
monitor,750,66,0,
oot,720,1586,0,0.0
oot,770,4,0,0.0
oot,490,1,0,0.0
oot,740,433,0,0.0
oot,500,7,0,0.0
oot,750,204,0,0.0
oot,730,969,0,0.0
oot,760,63,0,0.0
oot_recent,760,12,0,0.0
oot_recent,490,1,0,0.0
oot_recent,720,399,0,0.0
oot_recent,500,4,0,0.0
oot_recent,750,42,0,0.0
oot_recent,690,1686,0,0.0
oot_recent,730,239,0,0.0
oot_recent,740,131,0,0.0
test,480,1,0,0.0
test,720,2370,0,0.0
test,760,97,0,0.0
test,770,5,0,0.0
test,750,282,0,0.0
train,770,7,0,0.0
train,730,3313,0,0.0
train,760,187,0,0.0
train,750,720,0,0.0
covid_holdout,730,899,1,0.0011123470522803125
oot_recent,700,1143,1,8.748906386701672E-4
oot_recent,710,711,1,0.001406469760900141
test,710,3383,1,2.9559562518474746E-4
test,730,1523,1,6.565988181221294E-4
test,740,707,1,0.001414427157001415
train,740,1713,1,5.837711617046142E-4
covid_holdout,720,1440,2,0.0013888888888888915
oot,690,5236,2,3.81970970206264E-4
oot,710,2464,2,8.116883116883153E-4
oot,700,3661,2,5.462988254575255E-4
oot_recent,670,3727,2,5.366246310705665E-4
train,710,8298,2,2.4102193299590147E-4
train,720,5473,2,3.6543029417138634E-4
train,480,7,2,0.2857142857142857
covid_holdout,520,61,3,0.04918032786885245
covid_holdout,690,3979,4,0.0010052777079668262
covid_holdout,700,2924,4,0.0013679890560875537
oot_recent,680,2663,4,0.0015020653398422846
test,690,6283,4,6.366385484641087E-4
oot,670,9811,5,5.096320456630327E-4
test,700,4866,5,0.0010275380189067008
test,680,8123,5,6.155361319709472E-4
oot_recent,510,56,6,0.10714285714285716
train,690,14738,7,4.7496268150359715E-4
covid_holdout,670,6301,8,0.0012696397397238563
train,700,11122,8,7.19295090811005E-4
covid_holdout,530,244,9,0.036885245901639344
oot,510,90,9,0.1
oot_recent,650,6489,9,0.001386962552011101
train,680,18897,9,4.76266073979997E-4
test,670,9827,10,0.0010176045588684217
test,490,32,10,0.31250000000000006
oot,680,7191,11,0.0015296898901404528
oot_recent,660,5030,11,0.0021868787276341987
covid_holdout,680,5095,13,0.0025515210991167913
covid_holdout,650,7945,15,0.0018879798615481435
covid_holdout,540,741,16,0.02159244264507425
covid_holdout,660,7347,16,0.0021777596297808564
covid_holdout,640,8493,16,0.0018839043918521185
oot,660,11859,17,0.0014335104140315415
oot,650,14261,18,0.00126218357758923
test,660,11137,18,0.0016162341743737125
oot_recent,640,7923,19,0.002398081534772179
oot_recent,520,272,21,0.07720588235294118
covid_holdout,630,8773,25,0.0028496523424142396
covid_holdout,620,8404,25,0.002974773917182296
oot,520,432,25,0.05787037037037038
train,490,78,29,0.3717948717948718
test,650,12450,30,0.0024096385542168755
train,670,22578,31,0.0013730179821064825
oot,640,16227,35,0.002156898995501328
covid_holdout,600,7264,38,0.005231277533039653
oot_recent,630,9274,38,0.0040974768169074706
test,500,111,38,0.3423423423423425
covid_holdout,610,7819,42,0.005371530886302597
covid_holdout,550,1407,43,0.030561478322672433
oot_recent,620,9620,44,0.004573804573804585
train,660,26546,44,0.0016575001883522907
covid_holdout,560,2597,45,0.01732768579129768
covid_holdout,570,3747,47,0.012543368027755552
oot,630,17447,53,0.003037771536653848
oot,530,1190,54,0.04537815126050424
oot_recent,530,759,59,0.07773386034255596
test,640,13005,59,0.004536716647443307
covid_holdout,590,6463,60,0.009283614420547714
train,500,238,62,0.26050420168067223
oot,620,17955,64,0.003564466722361463
covid_holdout,580,5065,68,0.013425468904244797
oot,610,17662,78,0.004416260899105431
oot_recent,610,10137,81,0.00799052974252737
train,650,29080,86,0.0029573590096286274
test,630,13038,87,0.006672802577082362
test,510,317,88,0.277602523659306
test,620,12891,89,0.006904041579396482
oot,540,2844,104,0.03656821378340367
oot,600,16686,120,0.0071916576770945685
oot_recent,600,10119,121,0.01195770333036861
train,640,30416,124,0.004076801683324584
test,520,822,129,0.1569343065693431
oot,590,15590,135,0.008659397049390614
test,610,12212,135,0.011054700294792007
oot,550,4785,153,0.03197492163009398
oot_recent,540,2020,163,0.08069306930693078
oot_recent,590,9758,165,0.016909202705472307
oot,580,13192,166,0.012583383869011498
oot,570,10512,170,0.016171993911719935
train,510,681,170,0.24963289280469914
test,600,11201,182,0.016248549236675288
train,630,30309,183,0.006037810551321394
oot_recent,550,3602,189,0.0524708495280399
oot,560,7638,191,0.025006546216287038
oot_recent,580,8868,197,0.022214704555706004
oot_recent,570,7220,237,0.03282548476454298
train,620,30075,247,0.008212801330008327
oot_recent,560,5536,251,0.04533959537572252
test,530,1646,253,0.15370595382746055
test,590,10234,258,0.02521008403361349
test,580,8788,295,0.03356850250341375
test,540,2588,301,0.11630602782071096
test,550,4009,361,0.09004739336492892
train,610,28508,362,0.012698189981759493
test,570,7323,364,0.04970640447903863
test,560,5565,375,0.06738544474393517
train,520,1964,390,0.19857433808553995
train,600,26484,467,0.017633288022957203
train,530,3666,552,0.1505728314238953
train,590,23806,584,0.024531630681340948
train,580,20314,693,0.03411440385940715
train,540,6256,751,0.12004475703324811
train,570,17278,845,0.048906123393911496
train,550,9588,892,0.09303295786399676
train,560,12824,928,0.07236431690580145
