feature,bin,train_loans,pct_pop,bad_rate,woe,points,feature_iv,strength,median_yearly_csi,model_coefficient
property_type,SF,283679,0.7365148352390151,0.020727653439274674,-0.06753262850938467,59,0.0246,weak,0.008,-0.5624417725888489
property_type,PU,74222,0.19270232939734763,0.013675190644283367,0.35512630603374806,66,0.0246,weak,0.008,-0.5624417725888489
property_type,MISSING,1,2.596296642469182E-6,0.0,0.0,60,0.0246,weak,0.008,-0.5624417725888489
property_type,CO,27262,0.07078023906699484,0.021128310468784387,-0.08785270782921617,59,0.0246,weak,0.008,-0.5624417725888489
loan_purpose,C,98231,0.25503681548639023,0.026111919862365243,-0.3041412590850467,51,0.0407,weak,0.128,-1.0779389166947064
loan_purpose,N,154791,0.40188335358444716,0.01633169887138141,0.17513027845701742,66,0.0407,weak,0.128,-1.0779389166947064
loan_purpose,P,132142,0.34307983092916267,0.017995792405139925,0.0763951796688456,63,0.0407,weak,0.128,-1.0779389166947064
channel,THIRD_PARTY,166594,0.4325274428555109,0.024934871604019353,-0.25680194629212905,55,0.0638,weak,0.027,-0.6323219729442773
channel,RETAIL,218570,0.5674725571444891,0.015175916182458709,0.24968327307184018,65,0.0638,weak,0.027,-0.6323219729442773
mi_pct,"00: (-inf, 0]",327975,0.85152039131383,0.015739004497294002,0.2127977461806043,62,0.1585,medium,0.015,-0.22315965647498276
mi_pct,"01: (0, inf]",57186,0.14847181979624263,0.04037701535340818,-0.7547836750592448,55,0.1585,medium,0.015,-0.22315965647498276
mi_pct,MISSING,3,7.788889927407545E-6,0.0,0.0,60,0.1585,medium,0.015,-0.22315965647498276
num_borrowers,"01: (1, inf]",216446,0.5619580230758846,0.012520443898247137,0.4447547755944537,71,0.1684,medium,0.006,-0.8682488013020806
num_borrowers,"00: (-inf, 1]",168661,0.4378939880154947,0.0282282211062427,-0.3841592608810776,51,0.1684,medium,0.006,-0.8682488013020806
num_borrowers,MISSING,57,1.4798890862074336E-4,0.0,0.0,60,0.1684,medium,0.006,-0.8682488013020806
term_bucket,TERM_16_20Y,20828,0.054075666469348124,0.010322642596504705,0.6378845177834555,72,0.2861,medium,0.034,-0.6205402793672533
term_bucket,TERM_15Y_OR_LESS,78847,0.20471020136876758,0.004654584194706203,1.441026094001128,86,0.2861,medium,0.034,-0.6205402793672533
term_bucket,TERM_OVER_20Y,285489,0.7412141321618843,0.024130526920476795,-0.22307571003488097,56,0.2861,medium,0.034,-0.6205402793672533
orig_cltv,MISSING,14,3.634815299456855E-5,0.0,0.0,60,0.3181,strong,0.04,-0.7136288261543323
orig_cltv,"03: (57, 66]",40626,0.10547714739695299,0.012282774577856545,0.4637469616839007,70,0.3181,strong,0.04,-0.7136288261543323
orig_cltv,"05: (77, 84]",92506,0.24017301720825415,0.018431236892742092,0.05235487840315819,61,0.3181,strong,0.04,-0.7136288261543323
orig_cltv,"00: (-inf, 35]",19415,0.05040709931353917,0.00396600566572238,1.5971126661629753,93,0.3181,strong,0.04,-0.7136288261543323
orig_cltv,"07: (95, inf]",24857,0.06453614564185646,0.042322082310817875,-0.8037142441726035,44,0.3181,strong,0.04,-0.7136288261543323
orig_cltv,"01: (35, 45]",20433,0.0530501292955728,0.004991924827484951,1.367601283894574,88,0.3181,strong,0.04,-0.7136288261543323
orig_cltv,"04: (66, 77]",77916,0.2022930491946288,0.017467529133939112,0.10696633084122982,62,0.3181,strong,0.04,-0.7136288261543323
orig_cltv,"02: (45, 57]",38316,0.09947970215284918,0.008847478860006263,0.794812607068203,77,0.3181,strong,0.04,-0.7136288261543323
orig_cltv,"06: (84, 95]",71081,0.18454736164335192,0.03286391581435264,-0.5407054073142238,49,0.3181,strong,0.04,-0.7136288261543323
orig_dti,"04: (29, 31]",19723,0.05120675867941968,0.013385387618516454,0.3759834702876135,67,0.3266,strong,0.186,-0.6105461382800955
orig_dti,"09: (41, 45]",40259,0.10452430652916679,0.024615613899997515,-0.2433069383075531,56,0.3266,strong,0.186,-0.6105461382800955
orig_dti,"07: (36, 39]",30783,0.07992179954512883,0.02046584153591268,-0.05472281384484849,59,0.3266,strong,0.186,-0.6105461382800955
orig_dti,"08: (39, 41]",20788,0.05397181460364935,0.022080046180488744,-0.1325765697647707,58,0.3266,strong,0.186,-0.6105461382800955
orig_dti,"01: (19, 22]",20033,0.05201161063858512,0.007287974841511506,0.9885553040957109,78,0.3266,strong,0.186,-0.6105461382800955
orig_dti,MISSING,58632,0.15222606474125308,0.019102196752626553,0.015961361129533193,60,0.3266,strong,0.186,-0.6105461382800955
orig_dti,"00: (-inf, 19]",35942,0.09331609392362734,0.006148795281286517,1.1608194978114177,81,0.3266,strong,0.186,-0.6105461382800955
orig_dti,"03: (26, 29]",27354,0.07101909835810201,0.01162535643781531,0.5190546688038468,69,0.3266,strong,0.186,-0.6105461382800955
orig_dti,"06: (33, 36]",30440,0.0790312697967619,0.01731274638633377,0.11565035705434959,62,0.3266,strong,0.186,-0.6105461382800955
orig_dti,"10: (45, inf]",47956,0.12450800178625208,0.04562515639336058,-0.881886236171948,45,0.3266,strong,0.186,-0.6105461382800955
orig_dti,"02: (22, 26]",33146,0.0860568485112835,0.009382730947927352,0.735600247841835,73,0.3266,strong,0.186,-0.6105461382800955
orig_dti,"05: (31, 33]",20108,0.05220633288677031,0.01472050925004973,0.2797551720886469,65,0.3266,strong,0.186,-0.6105461382800955
rate_spread,"06: (0.4483, inf]",38469,0.09987693553914696,0.049364423301879436,-0.9649425248229708,48,0.3348,strong,0.025,-0.43619812589477835
rate_spread,"05: (0.2647, 0.4483]",37975,0.09859436499776718,0.03307439104674128,-0.5476158645539898,53,0.3348,strong,0.025,-0.43619812589477835
rate_spread,"04: (0.14, 0.2647]",38735,0.10056755044604376,0.023828578804698592,-0.21036952052042665,58,0.3348,strong,0.025,-0.43619812589477835
rate_spread,"02: (-0.1096, 0.006]",57564,0.14945321992709598,0.014106038496282398,0.3237453373785643,64,0.3348,strong,0.025,-0.43619812589477835
rate_spread,"01: (-0.2297, -0.1096]",57289,0.14873923835041697,0.01090959870132137,0.5837581257778887,68,0.3348,strong,0.025,-0.43619812589477835
rate_spread,"00: (-inf, -0.2297]",97113,0.2521341558401097,0.009957472223080329,0.6763191883400522,69,0.3348,strong,0.025,-0.43619812589477835
rate_spread,"03: (0.006, 0.14]",58019,0.15063453489941947,0.017046140057567348,0.13154799073065013,62,0.3348,strong,0.025,-0.43619812589477835
credit_score,"05: (732, 750]",38291,0.09941479473678745,0.013893604241205506,0.33927462789927404,68,1.2734,very strong,0.087,-0.8499089820551619
credit_score,MISSING,122,3.167481903812402E-4,0.02459016393442623,0.0,60,1.2734,very strong,0.087,-0.8499089820551619
credit_score,"03: (701, 712]",19285,0.050069580750018175,0.026238008815141302,-0.3091380485125579,53,1.2734,very strong,0.087,-0.8499089820551619
credit_score,"09: (772, 783]",38566,0.10012877631346648,0.005237774205258518,1.3220130921046487,93,1.2734,very strong,0.087,-0.8499089820551619
credit_score,"11: (793, 798]",19605,0.05090039567560831,0.002907421576128539,1.9067340351603905,107,1.2734,very strong,0.087,-0.8499089820551619
credit_score,"08: (765, 772]",21350,0.055430933316717036,0.005901639344262295,1.2005342924449798,90,1.2734,very strong,0.087,-0.8499089820551619
credit_score,"07: (758, 765]",19282,0.050061791860090764,0.00798672336894513,0.8966056989857417,82,1.2734,very strong,0.087,-0.8499089820551619
credit_score,"12: (798, inf]",54321,0.14103342991556844,0.002522044881353436,2.054391398398378,111,1.2734,very strong,0.087,-0.8499089820551619
credit_score,"02: (687, 701]",20794,0.05398739238350417,0.029623929979801865,-0.43382021564378825,50,1.2734,very strong,0.087,-0.8499089820551619
credit_score,"06: (750, 758]",19945,0.051783136534047834,0.010478816746051643,0.6233663997768686,75,1.2734,very strong,0.087,-0.8499089820551619
credit_score,"04: (712, 732]",37276,0.09677955364468123,0.019610473226741067,-0.010918735040559539,60,1.2734,very strong,0.087,-0.8499089820551619
credit_score,"00: (-inf, 647]",19915,0.05170524763477376,0.10077830780818478,-1.7337495595308534,18,1.2734,very strong,0.087,-0.8499089820551619
credit_score,"10: (783, 793]",38527,0.10002752074441017,0.003555947776883744,1.7098065418649724,102,1.2734,very strong,0.087,-0.8499089820551619
credit_score,"01: (647, 687]",37885,0.09836069829994495,0.05421670845981259,-1.0633399677047666,34,1.2734,very strong,0.087,-0.8499089820551619
