sample_role,sample_label,band,score_range,loans,pct_of_role,bads,bad_rate,predicted_pd_ttc,predicted_pd_pit,calibration_z,traffic_light
train,1 Train,B06,634-646,39524,0.10261602849695195,186,0.004706001416860642,0.005014829824916506,,,
train,1 Train,B03,592-607,40397,0.10488259546582754,853,0.021115429363566602,0.02001697712701438,,,
train,1 Train,B10,695-max,37728,0.0979530797270773,15,3.975826972010178E-4,4.3598290394402035E-4,,,
train,1 Train,B02,572-591,38714,0.1005130282165519,1464,0.0378157772382084,0.036486799039107294,,,
train,1 Train,B05,621-633,39242,0.10188387284377563,304,0.007746801895927832,0.007841022858162175,,,
train,1 Train,B01,min-571,38665,0.10038580968107091,3969,0.10265097633518686,0.10045167174447175,,,
train,1 Train,B08,660-674,38307,0.09945633548306695,58,0.0015140835878560055,0.0019986059205889264,,,
train,1 Train,B07,647-659,38176,0.09911622062290348,120,0.003143336127409891,0.0032126267550293378,,,
train,1 Train,B04,608-620,36854,0.09568391646155923,471,0.01278015954848863,0.012223833830791772,,,
train,1 Train,B09,675-694,37557,0.09750911300121506,31,8.254120403653114E-4,0.0011154249540698139,,,
test,2 Test,B01,min-571,16505,0.10012982600888155,1641,0.0994244168433808,0.10053798715540746,,,
test,2 Test,B04,608-620,15775,0.09570118178067898,184,0.011664025356576862,0.012197711568938193,,,
test,2 Test,B06,634-646,16919,0.10264141328350603,96,0.0056740942136060055,0.005021943140847568,,,
test,2 Test,B05,621-633,16759,0.1016707515348589,103,0.0061459514290828805,0.007835424309326332,,,
test,2 Test,B09,675-694,16068,0.09747870610788906,11,6.845904904157331E-4,0.001117532362459547,,,
test,2 Test,B08,660-674,16290,0.09882549928413696,26,0.0015960712093308778,0.0019927619398403926,,,
test,2 Test,B10,695-max,16245,0.09855250066732996,8,4.924592182209911E-4,4.3669596799015084E-4,,,
test,2 Test,B03,592-607,17284,0.10485573539760731,346,0.02001851423281648,0.020046890939597314,,,
test,2 Test,B07,647-659,16394,0.09945642942075761,50,0.00304989630352568,0.0032124120409906063,,,
test,2 Test,B02,572-591,16597,0.10068795651435367,634,0.03819967463999518,0.0364481954570103,,,
monitor,6 Monitoring,B09,675-694,7210,0.06862810420811163,0,,0.0011389428571428573,,,
monitor,6 Monitoring,B01,min-571,10638,0.10125738870539411,0,,0.08955554352321865,,,
monitor,6 Monitoring,B02,572-591,12728,0.12115097231079679,0,,0.03648332565996228,,,
monitor,6 Monitoring,B07,647-659,10565,0.1005625410483633,0,,0.00322639659252248,,,
monitor,6 Monitoring,B04,608-620,11870,0.11298413272542096,0,,0.012258790311710194,,,
monitor,6 Monitoring,B06,634-646,12172,0.11585870796409636,0,,0.005029803647716069,,,
monitor,6 Monitoring,B05,621-633,12713,0.12100819539496854,0,,0.007841983953433494,,,
monitor,6 Monitoring,B08,660-674,9046,0.08610399870548929,0,,0.0020135244306875967,,,
monitor,6 Monitoring,B03,592-607,13132,0.1249964305771043,0,,0.020012040130977765,,,
monitor,6 Monitoring,B10,695-max,4985,0.04744952836025471,0,,4.6682086258776327E-4,,,
covid_holdout,4 COVID 2020-21,B01,min-571,5691,0.05691,124,0.021788789316464593,0.08089104498330697,0.027290857058489954,-2.5517561337485932,amber
oot,3 Out-of-time 2016-19,B05,621-633,23259,0.116295,77,0.0033105464551356463,0.007857127348553249,0.003589124128336444,-0.7104569576400853,green
oot,3 Out-of-time 2016-19,B09,675-694,14624,0.07312,15,0.0010257111597374179,0.001130949261487965,6.849406855775979E-4,1.5751480574640198,green
oot,3 Out-of-time 2016-19,B06,634-646,21951,0.109755,53,0.0024144685891303356,0.005034063596191517,0.0024526256479829936,-0.11429468371425358,green
oot,3 Out-of-time 2016-19,B03,592-607,25881,0.129405,217,0.008384529191298637,0.02008823731695066,0.008034745469342953,0.6303586832741693,green
oot,3 Out-of-time 2016-19,B04,608-620,22799,0.113995,106,0.004649326724856353,0.012238886749418833,0.005247811939321535,-1.2507727507813224,green
oot,3 Out-of-time 2016-19,B01,min-571,18768,0.09384,567,0.030210997442455242,0.08739005413469736,0.029293536232005098,0.7471316670782114,green
oot,3 Out-of-time 2016-19,B02,572-591,24930,0.12465,324,0.012996389891696752,0.03634760413156839,0.013432571416585215,-0.5983679530208743,green
oot,3 Out-of-time 2016-19,B10,695-max,11818,0.05909,5,4.230834320528008E-4,4.506813335589778E-4,3.096993397466539E-4,0.7005349735762573,green
oot,3 Out-of-time 2016-19,B07,647-659,18931,0.094655,31,0.0016375257514130263,0.0032227718556864402,0.001675706712093653,-0.12844086290758036,green
oot,3 Out-of-time 2016-19,B08,660-674,17039,0.085195,19,0.0011150889136686425,0.0020048590879746466,0.0011172233016077452,-0.008340114510010732,green
covid_holdout,4 COVID 2020-21,B02,572-591,9364,0.09364,119,0.01270824434002563,0.036064685070482695,0.013341178311024656,-0.5339385850118749,green
covid_holdout,4 COVID 2020-21,B04,608-620,10133,0.10133,51,0.00503306029803612,0.012226684989637818,0.005243220580445148,-0.29293825172635657,green
covid_holdout,4 COVID 2020-21,B06,634-646,11219,0.11219,29,0.0025849006150280773,0.005021096710936804,0.0024471600398622284,0.2952883867894037,green
covid_holdout,4 COVID 2020-21,B07,647-659,10453,0.10453,20,0.0019133263178035013,0.003215913708983067,0.0016726625877063848,0.6021363784553153,green
covid_holdout,4 COVID 2020-21,B03,592-607,11055,0.11055,81,0.007327001356852103,0.019988130076888284,0.008000272224076607,-0.7946805121042755,green
covid_holdout,4 COVID 2020-21,B05,621-633,11113,0.11113,28,0.0025195716728156213,0.007820075317196078,0.0035746114094994006,-1.8636188963560067,green
oot_recent,5 Recent 2022+,B08,660-674,6940,0.06459359090105267,12,0.001729106628242075,0.002026299423631124,0.0011274242485396014,1.4936613293714591,green
oot_recent,5 Recent 2022+,B09,675-694,5371,0.04999022719446022,5,9.30925339787749E-4,0.0011443023645503632,6.918684152423502E-4,0.6663024508036296,green
oot_recent,5 Recent 2022+,B06,634-646,11104,0.10334974544168428,34,0.0030619596541786743,0.005055656430115274,0.002461590244983148,1.2767093708465245,green
oot_recent,5 Recent 2022+,B07,647-659,8691,0.08089090756787447,13,0.0014958002531354274,0.003242996548153262,0.0016847350108330453,-0.42948832651065055,green
oot_recent,5 Recent 2022+,B05,621-633,12594,0.11721782187433102,57,0.004525964745116722,0.007860893044306814,0.003590519728600631,1.7551415495447598,green
oot_recent,5 Recent 2022+,B10,695-max,3472,0.03231541031822116,2,5.76036866359447E-4,4.678231566820277E-4,3.20048164206222E-4,0.8432969078044674,green
covid_holdout,4 COVID 2020-21,B10,695-max,10126,0.10126,8,7.900454276120877E-4,4.332650602409638E-4,2.9908874931935313E-4,2.8571715150462977,red
covid_holdout,4 COVID 2020-21,B09,675-694,10160,0.1016,18,0.0017716535433070866,0.0011167833661417323,6.775926810537079E-4,4.237944221705117,red
covid_holdout,4 COVID 2020-21,B08,660-674,10686,0.10686,22,0.002058768482126146,0.0019959191465468836,0.0011129701812637863,2.932310911032321,red
oot_recent,5 Recent 2022+,B03,592-607,15908,0.14806265764466078,235,0.014772441538848378,0.020152404702036712,0.008056806778667512,9.475501522750628,red
oot_recent,5 Recent 2022+,B01,min-571,13593,0.12651594828789756,735,0.054071948797175015,0.08620909166482749,0.028929633929741762,17.52757038794837,red
oot_recent,5 Recent 2022+,B04,608-620,13093,0.12186223136419058,107,0.008172305812266096,0.012304311464141144,0.0052719383883247746,4.582988988788537,red
oot_recent,5 Recent 2022+,B02,572-591,16675,0.15520145940562727,419,0.02512743628185907,0.03650447004497751,0.013482924619205578,13.040492719686359,red
