property_state,period,loans,labeled_loans,bads,bad_rate,avg_score,avg_predicted_pd_pit
VI,2005-2015,27,27,1,0.037037037037037035,601.1481481481482,0.01373565233923844
GU,2005-2015,145,145,1,0.006896551724137934,619.7379310344828,0.007416933026557131
ND,2005-2015,1255,1255,7,0.005577689243027895,639.1482071713149,0.005486306869130105
AK,2005-2015,1390,1390,7,0.005035971223021584,629.7784172661874,0.007204292685072584
SD,2005-2015,1195,1195,11,0.009205020920502089,637.1765690376569,0.005955605470251398
VT,2005-2015,1811,1811,13,0.007178354500276096,639.7813362782997,0.005564054451787987
WY,2005-2015,1028,1028,14,0.013618677042801565,627.4659533073929,0.008120504243099468
DC,2005-2015,1259,1259,20,0.015885623510722792,629.4837172359013,0.00756214204220042
NE,2005-2015,2954,2954,25,0.00846310088016249,638.7511848341246,0.006168047783185644
MT,2005-2015,2147,2147,25,0.011644154634373583,634.4764788076392,0.006237704627744776
HI,2005-2015,2065,2065,27,0.01307506053268766,632.4571428571429,0.00653913127809891
PR,2005-2015,919,919,35,0.03808487486398263,617.4504896626767,0.009400126410609284
WV,2005-2015,1897,1897,37,0.019504480759093355,627.9878755930413,0.008112541785003166
DE,2005-2015,1951,1951,43,0.022039979497693492,632.8856996412065,0.007332421321454796
ME,2005-2015,2551,2551,52,0.020384163073304623,631.3163465307722,0.007405525923215441
RI,2005-2015,1932,1932,52,0.026915113871635588,627.9534161490673,0.007897959576896933
IA,2005-2015,5622,5622,56,0.009960868018498754,639.4213802917104,0.0062415086573516226
NM,2005-2015,3048,3048,57,0.0187007874015748,625.9753937007858,0.00880497852707978
AR,2005-2015,3750,3750,63,0.016799999999999985,631.9706666666665,0.007032564647079739
MS,2005-2015,1973,1973,69,0.034972123669538814,620.4627470856566,0.00987309369328602
KS,2005-2015,5161,5161,69,0.013369502034489446,636.9347025770196,0.0066061454587280025
OK,2005-2015,4544,4544,72,0.0158450704225352,628.4562059859162,0.008025903904687229
NH,2005-2015,3314,3314,75,0.022631261315630674,630.4984912492455,0.007436666710900958
ID,2005-2015,3695,3695,78,0.021109607577807853,631.3531799729355,0.006951826479873458
KY,2005-2015,8076,8076,107,0.013249133234274377,637.6675334323933,0.006429524769413827
UT,2005-2015,7628,7628,123,0.016124803356056622,629.9895123230222,0.007041630305777082
CT,2005-2015,6116,6116,126,0.020601700457815588,633.0181491170705,0.007175661744966629
CO,2005-2015,13559,13559,131,0.009661479460137167,637.5625046094876,0.005786215054069754
LA,2005-2015,4917,4917,134,0.027252389668497048,620.7451698189954,0.009833459444420328
AL,2005-2015,5817,5817,136,0.023379749011517938,625.0152999828113,0.008822268727311207
TN,2005-2015,9412,9412,150,0.01593710157246071,628.7862303442404,0.00774147108598218
OR,2005-2015,10100,10100,153,0.015148514851485178,635.5363366336635,0.0060813625682304895
SC,2005-2015,7937,7937,159,0.020032757969005915,629.4729746755729,0.007980868892844458
WI,2005-2015,14795,14795,181,0.012233862791483615,640.3316661034137,0.006137911033337353
MO,2005-2015,13329,13329,192,0.014404681521494463,633.8738840123034,0.007061293731766458
IN,2005-2015,13246,13246,200,0.015098897780462046,635.7575871961362,0.006974248419671582
NV,2005-2015,4765,4765,201,0.042182581322140755,626.7263378803783,0.007789381440508219
MN,2005-2015,14614,14614,218,0.014917202682359368,638.5902559189809,0.005884849759161278
MA,2005-2015,14386,14386,240,0.01668288613930209,635.3705686083674,0.006437466884157692
NC,2005-2015,18758,18758,255,0.013594199808081867,635.819330419023,0.006564159661167688
VA,2005-2015,16798,16798,255,0.015180378616501932,635.4023693296848,0.006496288533660317
WA,2005-2015,16705,16705,281,0.016821310984735074,635.0987129601925,0.006317586660441779
MD,2005-2015,13059,13059,289,0.02213033157209585,630.6263879316938,0.007698834243466452
OH,2005-2015,20153,20153,322,0.01597777005904824,637.1329826824791,0.0068929008486799444
PA,2005-2015,18933,18933,326,0.017218613003750032,630.7793271008278,0.007528833461412221
TX,2005-2015,31391,31391,360,0.01146825523239147,628.0950272371022,0.007881185508918915
NJ,2005-2015,14925,14925,375,0.025125628140703606,631.0369849246273,0.0074293514333813844
AZ,2005-2015,14498,14498,406,0.028003862601738157,630.6779555800842,0.007159380322073794
MI,2005-2015,19134,19134,431,0.022525347548865832,631.3034911675541,0.007651146618646952
NY,2005-2015,20042,20042,436,0.021754315936533316,631.2853008681747,0.007055548876581568
GA,2005-2015,16043,16043,438,0.027301626877766022,627.0104095244033,0.008180088715640778
IL,2005-2015,29477,29477,651,0.022085015435763387,632.7561149370595,0.0072021797605784175
CA,2005-2015,66389,66389,1122,0.016900390124869834,638.077482715515,0.00570547293877884
FL,2005-2015,29365,29365,1263,0.04301038651455859,623.7134343606315,0.008830121874063106
PR,2016-2019,21,21,0,0.0,619.9047619047618,0.008288442377700742
VI,2016-2019,11,11,0,0.0,605.2727272727274,0.011004599824381324
AK,2016-2019,370,370,0,0.0,633.5891891891886,0.005561567629861431
WY,2016-2019,327,327,1,0.0030581039755351665,631.2048929663616,0.0066817625870551345
GU,2016-2019,30,30,1,0.03333333333333334,618.4,0.008269286556933736
MS,2016-2019,700,700,2,0.0028571428571428584,624.338571428571,0.0074703326790460526
SD,2016-2019,405,405,2,0.004938271604938269,633.1259259259256,0.005612732036843774
NH,2016-2019,1003,1003,2,0.001994017946161516,624.6779661016953,0.007207357847507624
RI,2016-2019,648,648,3,0.0046296296296296285,622.1543209876547,0.008245952701933087
WV,2016-2019,497,497,3,0.006036217303822939,627.3098591549297,0.007048661892514934
VT,2016-2019,484,484,4,0.008264462809917359,631.1859504132236,0.005998405993080782
NM,2016-2019,892,892,5,0.005605381165919284,626.9551569506737,0.006977379080477221
HI,2016-2019,646,646,5,0.007739938080495348,626.2337461300316,0.006461157010599301
ND,2016-2019,450,450,5,0.011111111111111106,631.6266666666668,0.006281225580902413
DE,2016-2019,670,670,6,0.00895522388059702,633.7014925373129,0.006617957873356094
MT,2016-2019,732,732,6,0.008196721311475414,632.7472677595626,0.006125150490087409
NE,2016-2019,893,893,7,0.007838745800671891,632.5722284434485,0.005894948150689212
DC,2016-2019,410,410,7,0.017073170731707332,623.9658536585365,0.0074239793636928396
TN,2016-2019,3816,3816,9,0.002358490566037737,627.4806079664588,0.006779436820749031
IA,2016-2019,1621,1621,9,0.005552128315854414,631.5058605798879,0.006451857563019375
ME,2016-2019,799,799,9,0.01126408010012515,627.595744680851,0.0068912491634601225
ID,2016-2019,1486,1486,9,0.006056527590847921,629.0686406460297,0.0066397694139933685
KY,2016-2019,2509,2509,10,0.003985651654045441,633.2044639298534,0.006202924111004008
KS,2016-2019,1694,1694,11,0.006493506493506503,627.6552538370717,0.006691020949660299
OR,2016-2019,3827,3827,12,0.0031356153645152895,628.6200679383343,0.006396822964128561
AR,2016-2019,1331,1331,13,0.009767092411720543,627.6626596543957,0.006647958721934085
OK,2016-2019,1600,1600,14,0.008749999999999999,625.0931249999996,0.007228897181328253
CT,2016-2019,1811,1811,15,0.008282716731087813,623.7471010491445,0.0075608918918718465
SC,2016-2019,3014,3014,17,0.005640345056403459,627.9031187790298,0.006924365912723185
NV,2016-2019,2615,2615,18,0.006883365200764814,623.5372848948372,0.007556085832960674
MO,2016-2019,3962,3962,18,0.004543160020191827,627.9366481574951,0.006717151547246069
UT,2016-2019,3672,3672,19,0.00517429193899782,623.3717320261444,0.007306509216777007
AL,2016-2019,2065,2065,19,0.009200968523002416,622.2038740920109,0.007679144451431317
IN,2016-2019,4596,4596,19,0.004134029590948653,626.7832898172328,0.00718481004196395
LA,2016-2019,1774,1774,22,0.012401352874859085,620.5084554678691,0.008366799897042539
MN,2016-2019,4758,4758,25,0.005254308532997055,628.0151324085751,0.006665836994214675
MA,2016-2019,4440,4440,25,0.00563063063063063,626.5781531531549,0.00664990990943818
AZ,2016-2019,6616,6616,27,0.004081015719467954,626.4046251511481,0.007240814922350892
VA,2016-2019,5088,5088,29,0.005699685534591181,632.0169025157226,0.005899071307656897
WI,2016-2019,3873,3873,29,0.007487735605473798,632.9163439194432,0.006030813271663922
CO,2016-2019,6866,6866,30,0.00436935624817944,628.3132828429968,0.006598642479793909
WA,2016-2019,6410,6410,35,0.005460218408736361,628.9711388455556,0.006233936627129885
MD,2016-2019,3606,3606,36,0.009983361064891828,627.5976150859693,0.00677139672647579
NC,2016-2019,6100,6100,38,0.006229508196721311,632.022950819671,0.006081058677149024
PA,2016-2019,5631,5631,39,0.006925945657964859,626.6860237968405,0.006869279536263394
OH,2016-2019,6916,6916,41,0.005928282244071723,627.8110179294383,0.0072134276939166625
NJ,2016-2019,5101,5101,44,0.008625759654969598,623.0670456773186,0.0073850020583294245
GA,2016-2019,6208,6208,49,0.007893041237113417,624.3385953608229,0.0073075027340297055
MI,2016-2019,7698,7698,53,0.006884905170174061,623.0854767472043,0.007883580267056284
NY,2016-2019,6136,6136,59,0.009615384615384642,623.7601043024786,0.007008813814723084
IL,2016-2019,9177,9177,68,0.007409828920126416,626.0828157349914,0.007206838886563901
CA,2016-2019,25387,25387,150,0.005908535864812728,626.115886083426,0.007064321442897398
TX,2016-2019,15389,15389,154,0.01000714796283056,622.3406979010944,0.007726787410608377
FL,2016-2019,13219,13219,181,0.01369241243664422,621.3852031167281,0.00819420299328068
VI,2020-2021,5,5,0,0.0,624.6,0.005452374687950318
NM,2020-2021,421,421,0,0.0,632.102137767221,0.005727459988729092
MT,2020-2021,319,319,0,0.0,639.2037617554853,0.004718520770083193
ME,2020-2021,383,383,0,0.0,640.6370757180151,0.004860858721303273
PR,2020-2021,18,18,0,0.0,649.2777777777778,0.00353028794630713
HI,2020-2021,243,243,0,0.0,639.9670781893003,0.004558656254668217
VT,2020-2021,173,173,0,0.0,641.375722543352,0.004353804494147884
GU,2020-2021,10,10,0,0.0,641.1,0.005021588123821126
AK,2020-2021,170,170,1,0.005882352941176471,639.4294117647063,0.0046381505971256265
DE,2020-2021,413,413,1,0.0024213075060532667,644.3995157384988,0.005059727290824179
WY,2020-2021,140,140,1,0.007142857142857146,638.2999999999995,0.004947778304283629
NH,2020-2021,562,562,1,0.0017793594306049834,639.4163701067615,0.004832559935746701
LA,2020-2021,875,875,1,0.001142857142857144,635.312000000001,0.005606107936272365
ND,2020-2021,205,205,1,0.004878048780487803,643.4878048780487,0.004585098520198814
IA,2020-2021,845,845,2,0.0023668639053254447,647.1207100591713,0.004527508438020925
NE,2020-2021,471,471,2,0.004246284501061572,638.4777070063691,0.0052687447266384045
KS,2020-2021,752,752,2,0.0026595744680851068,637.0904255319157,0.00516724345040455
SD,2020-2021,227,227,2,0.00881057268722467,645.5903083700438,0.004406794058818296
OK,2020-2021,660,660,2,0.003030303030303031,633.5196969696977,0.005979469879998139
AL,2020-2021,1081,1081,2,0.001850138760407033,633.9000925069375,0.005571900156699338
WV,2020-2021,237,237,3,0.012658227848101267,637.0632911392405,0.005499956788857294
ID,2020-2021,723,723,3,0.004149377593360993,634.5366528354081,0.005641705132683458
DC,2020-2021,242,242,3,0.012396694214876035,636.6818181818181,0.005306961510038587
AR,2020-2021,623,623,3,0.0048154093097913355,635.2937399678974,0.005666651493051376
CT,2020-2021,1073,1073,4,0.003727865796831315,634.4026095060567,0.00574691054007994
RI,2020-2021,341,341,4,0.01173020527859237,630.5571847507332,0.005754173695808966
TN,2020-2021,1878,1878,5,0.0026624068157614484,635.0106496272625,0.005579002226428295
MS,2020-2021,340,340,5,0.014705882352941173,633.2411764705884,0.005943204641689085
CO,2020-2021,3059,3059,5,0.0016345210853220072,641.3782281791437,0.004664282717912728
NV,2020-2021,1181,1181,6,0.0050804403048264205,633.236240474175,0.005601375262806683
SC,2020-2021,1500,1500,6,0.004000000000000003,636.3180000000001,0.00547656814137748
WI,2020-2021,1709,1709,6,0.0035108250438853125,644.224107665302,0.004673413629551722
OR,2020-2021,1820,1820,6,0.0032967032967033015,641.6412087912078,0.0045554665835415
MD,2020-2021,2260,2260,9,0.00398230088495576,637.4141592920355,0.005229160853474708
KY,2020-2021,1251,1251,9,0.007194244604316538,642.2677857713827,0.00472629362167654
MO,2020-2021,1987,1987,10,0.005032712632108723,637.3673880221436,0.005551884428989691
MN,2020-2021,2166,2166,10,0.004616805170821794,641.683287165282,0.004805334823554982
MA,2020-2021,2661,2661,10,0.003757985719654266,638.5745960165349,0.0053526877650137885
WA,2020-2021,3169,3169,11,0.0034711265383401803,641.3559482486571,0.004667408133888335
OH,2020-2021,3628,3628,12,0.003307607497243667,637.5270121278945,0.005678601045982167
IN,2020-2021,2241,2241,13,0.005800981704596172,637.1499330655953,0.005804546667073973
UT,2020-2021,1977,1977,13,0.006575619625695507,637.6540212443091,0.004898625537750938
NC,2020-2021,2947,2947,14,0.0047505938242280495,638.5717678995601,0.005119741465294904
PA,2020-2021,2951,2951,16,0.005421890884445954,636.7119620467631,0.005424498848186206
VA,2020-2021,3056,3056,16,0.005235602094240827,641.499999999999,0.004703684364134916
MI,2020-2021,3386,3386,17,0.005020673360897807,635.0038393384514,0.005992089506053287
AZ,2020-2021,3716,3716,17,0.004574811625403661,635.4663616792266,0.005553248631065588
NY,2020-2021,2849,2849,18,0.006318006318006329,630.5608985608994,0.006209386647618158
NJ,2020-2021,2863,2863,21,0.007334963325183379,635.3992315752703,0.005522765852327623
IL,2020-2021,4112,4112,23,0.005593385214007777,640.1541828793795,0.005201551026757293
GA,2020-2021,3016,3016,23,0.007625994694960208,634.0507294429704,0.005842170227416782
TX,2020-2021,6744,6744,45,0.006672597864768666,635.8276986951312,0.005376512118517018
FL,2020-2021,6077,6077,47,0.007734079315451715,630.0722395919003,0.006203293359789906
CA,2020-2021,14244,14244,69,0.004844144903117073,641.1518534119617,0.004678738164064222
PR,2022-2026,31,11,0,0.0,614.258064516129,0.009353923254044823
GU,2022-2026,17,11,0,0.0,629.1176470588235,0.005424164078452603
VI,2022-2026,18,9,0,0.0,617.4444444444443,0.007908839639616753
WY,2022-2026,375,180,1,0.005555555555555557,626.2399999999998,0.00760522065344772
SD,2022-2026,401,216,2,0.009259259259259259,629.9052369077307,0.006106769349475204
VT,2022-2026,401,197,2,0.01015228426395939,629.8603491271823,0.006022123435832258
WV,2022-2026,655,323,3,0.00928792569659442,618.7908396946569,0.00866932018276068
MT,2022-2026,747,365,3,0.00821917808219178,630.0602409638552,0.006162353018346665
ND,2022-2026,327,160,4,0.02500000000000001,626.7033639143737,0.006234969166990455
AK,2022-2026,323,154,4,0.025974025974025976,619.405572755418,0.007989903139920543
DE,2022-2026,966,470,4,0.008510638297872346,626.1718426501031,0.007073757881986553
ME,2022-2026,925,460,5,0.010869565217391299,620.9145945945936,0.007957176339756839
NE,2022-2026,1177,560,5,0.008928571428571433,623.3016142735767,0.0073545097225090564
RI,2022-2026,574,276,5,0.018115942028985522,615.3797909407664,0.009006757205354078
NH,2022-2026,1089,482,6,0.012448132780082995,622.7796143250692,0.007505560894150554
DC,2022-2026,363,200,6,0.030000000000000002,620.487603305785,0.008312582523964291
HI,2022-2026,423,203,6,0.029556650246305424,620.4609929078015,0.007806261097480763
NM,2022-2026,1012,508,7,0.013779527559055111,621.1274703557317,0.008052803661142444
MS,2022-2026,865,428,9,0.021028037383177593,616.9283236994222,0.008706920147068508
AR,2022-2026,1773,873,10,0.01145475372279497,623.4111675126908,0.0075013530342178955
KY,2022-2026,2850,1396,11,0.007879656160458454,618.3985964912277,0.008386378828516798
KS,2022-2026,1888,893,12,0.013437849944008963,622.1657838983049,0.007913768850335099
LA,2022-2026,1934,1063,12,0.011288805268109119,618.3572905894518,0.008269890395475522
IA,2022-2026,1841,911,16,0.017563117453348008,619.8723519826185,0.008476109042077075
AL,2022-2026,2833,1446,16,0.011065006915629333,621.9950582421468,0.007595829968871901
ID,2022-2026,1739,858,17,0.01981351981351982,627.5359401955154,0.0065283775886808134
WI,2022-2026,3601,1595,18,0.011285266457680259,622.8261594001675,0.007937684843673472
OK,2022-2026,2271,1190,19,0.01596638655462186,619.6569793042711,0.007912181735250283
NV,2022-2026,2331,1247,19,0.015236567762630332,623.1613041613039,0.007313893243904228
SC,2022-2026,4368,2174,20,0.00919963201471942,626.5327380952394,0.006915872800136084
UT,2022-2026,3194,1505,21,0.013953488372093011,626.5472761427676,0.006265994586541435
WA,2022-2026,5196,2441,23,0.00942236788201558,627.2465357967664,0.006389812717277755
CT,2022-2026,2288,1153,24,0.020815264527320024,612.1494755244748,0.009919870699006642
MD,2022-2026,3996,2013,28,0.01390958768007947,617.9281781781791,0.008528043384699403
OR,2022-2026,3083,1501,30,0.019986675549633594,627.6166072007778,0.00620598739958811
MA,2022-2026,3726,1704,32,0.018779342723004733,621.245303274289,0.007876028605532378
CO,2022-2026,5097,2527,33,0.013058963197467377,627.113792426918,0.006567435702285732
MN,2022-2026,4657,2247,33,0.014686248331108116,620.2029203349789,0.008131751308906927
VA,2022-2026,5869,2899,35,0.012073128665056934,624.5825523939351,0.007084362657342029
NJ,2022-2026,5756,2814,35,0.012437810945273632,619.8017720639311,0.008076741084613702
MO,2022-2026,4855,2338,41,0.017536355859709155,619.3783728115347,0.008355576349947592
AZ,2022-2026,6276,3249,42,0.012927054478301019,625.9104525175268,0.006942629443361801
TN,2022-2026,5120,2608,44,0.016871165644171775,622.9855468749979,0.007211345503021913
IN,2022-2026,5825,2901,52,0.017924853498793508,616.1443776824035,0.009104547393370285
NC,2022-2026,7618,3780,53,0.014021164021164042,625.9460488317114,0.006910222460879237
NY,2022-2026,7405,3814,55,0.014420555846879917,619.0217420661698,0.007886759441522435
PA,2022-2026,7875,4022,55,0.013674788662357048,618.5174603174611,0.008405839977320494
OH,2022-2026,9100,4477,56,0.012508376144739805,615.3101098901093,0.009402550702279144
IL,2022-2026,9683,4669,64,0.013707431998286617,618.0878859857472,0.008761867094382337
MI,2022-2026,8042,3906,80,0.02048131080389144,613.8341208654548,0.009710619351878249
GA,2022-2026,7539,4015,84,0.02092154420921543,619.0990847592517,0.008238377885903593
CA,2022-2026,15678,8035,119,0.01481020535158681,623.3647148871021,0.007153428753464998
TX,2022-2026,19500,10541,166,0.015748031496062975,620.439897435895,0.007956457907751758
FL,2022-2026,17004,9423,172,0.018253210230287625,618.3846153846218,0.008465160982791861
