orig_year,loans,labeled_loans,bads,bad_rate,bad_rate_unadjusted,pct_ever_forbearance,sample_group,gini,ks,auc,gini_credit_score_only,gini_lift_vs_credit_score,avg_score,avg_credit_score,predicted_pd_ttc,predicted_pd_pit,score_psi,score_psi_status
2005,50000,50000,1059,0.021179999999999952,0.021320000000000044,9.99999999999999E-4,1 Development (2005-15),0.5805722907112203,0.45089681223575,0.7902861453556101,0.5124019859350515,0.06817030477616881,618.6369199999955,724.9713164795157,0.027304049880000025,0.00983402795988794,0.09723137907204779,stable
2006,50000,50000,1708,0.03416000000000004,0.03438000000000004,9.000000000000029E-4,1 Development (2005-15),0.5892363585029479,0.4564414061143656,0.7946181792514739,0.5143951752180724,0.07484118328487543,612.0885200000027,723.5627777555325,0.032385981680000085,0.011514156169787857,0.20032529986430517,monitor
2007,50000,50000,3077,0.06154000000000005,0.06186000000000015,0.0019000000000000004,1 Development (2005-15),0.6165940229517832,0.472219767508391,0.8082970114758916,0.5069903544615715,0.10960366849021175,610.6973800000037,725.244605900487,0.03583536955999991,0.012600950909549123,0.2185719042928374,monitor
2008,49999,49999,2229,0.044580891617832165,0.044740894817896365,8.800176003520076E-4,1 Development (2005-15),0.6675550926175062,0.5077012223874812,0.8337775463087531,0.5242310682312603,0.14332402438624592,622.9973999480032,741.9136978624604,0.02553335440708808,0.009204389351118466,0.044415236240500415,stable
2009,50001,50001,414,0.008279834403311934,0.008399832003359939,5.199896002079968E-4,1 Development (2005-15),0.6870127445940182,0.5343885421114639,0.8435063722970091,0.5600272186067792,0.126985525987239,646.707265854682,760.3404000000012,0.010404136317273684,0.004149357590262396,0.11912738278483359,monitor
2010,50000,50000,431,0.008619999999999944,0.008759999999999945,5.600000000000023E-4,1 Development (2005-15),0.6711326811125826,0.5203453303438517,0.8355663405562913,0.5337908451390552,0.13734183597352745,649.2819999999953,759.9632177930662,0.010286138200000043,0.004082098185352701,0.13853685767300847,monitor
2011,50000,50000,382,0.007640000000000031,0.007760000000000003,5.600000000000028E-4,1 Development (2005-15),0.711391734421662,0.5547072830139543,0.855695867210831,0.5436460738049167,0.16774566061674534,649.5625599999885,759.9543599999975,0.010501454499999991,0.004150958333043469,0.13371407747683745,monitor
2012,50000,50000,364,0.007280000000000027,0.007519999999999992,9.200000000000062E-4,1 Development (2005-15),0.7076639916614935,0.5707579752023301,0.8538319958307468,0.5588997240570694,0.14876426760442407,648.3319999999984,759.4455800000037,0.011149779420000089,0.0043683200524749334,0.11387786598212343,monitor
2013,50000,50000,297,0.005940000000000013,0.006480000000000015,0.0013000000000000043,1 Development (2005-15),0.6802566843007058,0.5363295686817406,0.8401283421503529,0.5735632179236059,0.10669346637709998,638.2499399999977,749.6915338306753,0.01425285259999999,0.005480386215922798,0.02012211850520787,stable
2014,50000,50000,332,0.0066400000000000105,0.007360000000000031,0.0017799999999999988,1 Development (2005-15),0.5796013238748665,0.4477739418655535,0.7898006619374333,0.4856244229763682,0.0939769008984983,631.4810599999997,747.0873026987031,0.016065672339999993,0.00614230838290316,0.026754435437986432,stable
2015,50000,50000,277,0.005539999999999995,0.006920000000000021,0.0037400000000000094,1 Development (2005-15),0.629806746705267,0.49061301414892655,0.8149033733526335,0.553989535238216,0.075817211467051,633.8919800000032,749.7589400000015,0.015256787160000007,0.005858692318938576,0.018110039036271036,stable
2016,50000,50000,296,0.00591999999999999,0.008139999999999953,0.0062799999999999905,2 Out-of-time (2016-19),0.6279713063498071,0.507787181193748,0.8139856531749036,0.5851602296405531,0.04281107670925399,632.3634399999956,748.788840000007,0.016013083419999966,0.006118890616497263,0.018157362610428864,stable
2017,50000,50000,415,0.00829999999999997,0.010300000000000127,0.006520000000000017,2 Out-of-time (2016-19),0.6174767680179223,0.47815154942650506,0.8087383840089611,0.5256270943750394,0.09184967364288288,625.4726799999956,744.7308569371127,0.01912949894000007,0.007191047976984519,0.05098578544464862,stable
2018,50000,50000,371,0.007420000000000067,0.02668000000000005,0.042940000000000006,2 Out-of-time (2016-19),0.569822041814414,0.4458082204458429,0.784911020907207,0.48931389138162795,0.08050815043278603,622.0768400000026,746.2190457137209,0.02102513811999988,0.007829697039819094,0.08625131045491952,stable
2019,50000,50000,332,0.00663999999999996,0.046300000000000445,0.06521999999999953,2 Out-of-time (2016-19),0.4708479969649073,0.36087160917164673,0.7354239984824537,0.3991383054878124,0.07170969147709494,625.0065999999955,749.3914809331345,0.018942444580000054,0.007140347320053118,0.06424985163277061,stable
2020,50000,50000,225,0.004500000000000018,0.01656000000000007,0.020400000000000307,3 COVID holdout (2020-21),0.42412482839444166,0.37575757575757573,0.7120624141972208,0.34803023808248046,0.0760945903119612,640.7415000000034,758.2751585221968,0.01231121877999992,0.004841266442765566,0.05032822856196389,stable
2021,50000,50000,275,0.005500000000000002,0.00965999999999995,0.00882000000000003,3 COVID holdout (2020-21),0.5553439919557566,0.4373234608528726,0.7776719959778783,0.47022640419237227,0.0851175877633843,634.5244400000042,750.6075850619007,0.014825515319999958,0.00572435573909604,0.01979756806016632,stable
2022,50000,49998,718,0.014360574422977014,0.018520740829633234,0.012040000000000018,4 Recent out-of-time (2022+),0.5582316556180589,0.4361781237564664,0.7791158278090294,0.5218346535020653,0.036397002115993615,616.8875200000028,743.5769523123704,0.022429972279999984,0.00835990778409858,0.18705340660999759,monitor
2023,50000,49964,763,0.015270995116483804,0.017772796413417617,0.009659999999999868,4 Recent out-of-time (2022+),0.6084407068732927,0.4672892214707674,0.8042203534366463,0.5479176384013043,0.060523068471988406,616.7445199999997,749.7352099713914,0.023552718860000113,0.008698937887392464,0.17544178785154332,monitor
2024,50000,7479,138,0.018451664661050894,0.021526942104559528,0.006759999999999947,4 Recent out-of-time (2022+),0.6354571998839158,0.518200339960792,0.8177285999419579,0.6092871729847804,0.02617002689913539,620.7102600000089,752.4574629852075,0.02224916093999989,0.008221813752154231,0.10584072727189728,monitor
2025,50000,0,0,,,0.0010800000000000059,5 Monitoring only,,,,,,626.603179999999,756.5538504631788,0.01806873441999998,0.00683785469286211,0.05761465518110029,stable
2026,12500,0,0,,,0.0,5 Monitoring only,,,,,,631.2613599999986,756.4458313330151,0.01611865072000004,0.0061516946512166215,0.03369978984548794,stable
