orig_year,model,gini,sample_group
2005,ScoreWatch scorecard,0.5805722907112203,Development (2005-15)
2006,ScoreWatch scorecard,0.5892363585029479,Development (2005-15)
2007,ScoreWatch scorecard,0.6165940229517832,Development (2005-15)
2008,ScoreWatch scorecard,0.6675550926175062,Development (2005-15)
2009,ScoreWatch scorecard,0.6870127445940182,Development (2005-15)
2010,ScoreWatch scorecard,0.6711326811125826,Development (2005-15)
2011,ScoreWatch scorecard,0.711391734421662,Development (2005-15)
2012,ScoreWatch scorecard,0.7076639916614935,Development (2005-15)
2013,ScoreWatch scorecard,0.6802566843007058,Development (2005-15)
2014,ScoreWatch scorecard,0.5796013238748665,Development (2005-15)
2015,ScoreWatch scorecard,0.629806746705267,Development (2005-15)
2016,ScoreWatch scorecard,0.6279713063498071,Out-of-time (2016-19)
2017,ScoreWatch scorecard,0.6174767680179223,Out-of-time (2016-19)
2018,ScoreWatch scorecard,0.569822041814414,Out-of-time (2016-19)
2019,ScoreWatch scorecard,0.4708479969649073,Out-of-time (2016-19)
2020,ScoreWatch scorecard,0.4241248283944416,COVID holdout (2020-21)
2021,ScoreWatch scorecard,0.5553439919557566,COVID holdout (2020-21)
2022,ScoreWatch scorecard,0.5582316556180589,Recent out-of-time (2022+)
2023,ScoreWatch scorecard,0.6084407068732927,Recent out-of-time (2022+)
2024,ScoreWatch scorecard,0.6354571998839158,Recent out-of-time (2022+)
2005,Credit score alone,0.5124019859350515,Development (2005-15)
2006,Credit score alone,0.5143951752180724,Development (2005-15)
2007,Credit score alone,0.5069903544615715,Development (2005-15)
2008,Credit score alone,0.5242310682312603,Development (2005-15)
2009,Credit score alone,0.5600272186067792,Development (2005-15)
2010,Credit score alone,0.5337908451390552,Development (2005-15)
2011,Credit score alone,0.5436460738049167,Development (2005-15)
2012,Credit score alone,0.5588997240570694,Development (2005-15)
2013,Credit score alone,0.5735632179236059,Development (2005-15)
2014,Credit score alone,0.4856244229763682,Development (2005-15)
2015,Credit score alone,0.553989535238216,Development (2005-15)
2016,Credit score alone,0.5851602296405531,Out-of-time (2016-19)
2017,Credit score alone,0.5256270943750394,Out-of-time (2016-19)
2018,Credit score alone,0.4893138913816279,Out-of-time (2016-19)
2019,Credit score alone,0.3991383054878124,Out-of-time (2016-19)
2020,Credit score alone,0.3480302380824804,COVID holdout (2020-21)
2021,Credit score alone,0.4702264041923722,COVID holdout (2020-21)
2022,Credit score alone,0.5218346535020653,Recent out-of-time (2022+)
2023,Credit score alone,0.5479176384013043,Recent out-of-time (2022+)
2024,Credit score alone,0.6092871729847804,Recent out-of-time (2022+)
