sample,band,traffic_light,bad_rate,predicted_pd_pit
COVID 2020-21,B01,Amber,0.0217887893164645,0.0272908570584899
Out-of-time 2016-19,B05,Green,0.0033105464551356,0.0035891241283364
Out-of-time 2016-19,B09,Green,0.0010257111597374,0.0006849406855775979
Out-of-time 2016-19,B06,Green,0.0024144685891303,0.0024526256479829
Out-of-time 2016-19,B03,Green,0.0083845291912986,0.0080347454693429
Out-of-time 2016-19,B04,Green,0.0046493267248563,0.0052478119393215
Out-of-time 2016-19,B01,Green,0.0302109974424552,0.029293536232005
Out-of-time 2016-19,B02,Green,0.0129963898916967,0.0134325714165852
Out-of-time 2016-19,B10,Green,0.0004230834320528008,0.0003096993397466539
Out-of-time 2016-19,B07,Green,0.001637525751413,0.0016757067120936
Out-of-time 2016-19,B08,Green,0.0011150889136686,0.0011172233016077
COVID 2020-21,B02,Green,0.0127082443400256,0.0133411783110246
COVID 2020-21,B04,Green,0.0050330602980361,0.0052432205804451
COVID 2020-21,B06,Green,0.002584900615028,0.0024471600398622
COVID 2020-21,B07,Green,0.0019133263178035,0.0016726625877063
COVID 2020-21,B03,Green,0.0073270013568521,0.0080002722240766
COVID 2020-21,B05,Green,0.0025195716728156,0.0035746114094994
Recent 2022+,B08,Green,0.001729106628242,0.0011274242485396
Recent 2022+,B09,Green,0.000930925339787749,0.0006918684152423502
Recent 2022+,B06,Green,0.0030619596541786,0.0024615902449831
Recent 2022+,B07,Green,0.0014958002531354,0.001684735010833
Recent 2022+,B05,Green,0.0045259647451167,0.0035905197286006
Recent 2022+,B10,Green,0.000576036866359447,0.000320048164206222
COVID 2020-21,B10,Red,0.0007900454276120877,0.0002990887493193532
COVID 2020-21,B09,Red,0.001771653543307,0.0006775926810537079
COVID 2020-21,B08,Red,0.0020587684821261,0.0011129701812637
Recent 2022+,B03,Red,0.0147724415388483,0.0080568067786675
Recent 2022+,B01,Red,0.054071948797175,0.0289296339297417
Recent 2022+,B04,Red,0.008172305812266,0.0052719383883247
Recent 2022+,B02,Red,0.025127436281859,0.0134829246192055
