property_state,period,loans,labeled_loans,bad_rate,avg_score
FL,2005-2015,29365,29365,0.0430103865145585,623.7134343606315
NV,2005-2015,4765,4765,0.0421825813221407,626.7263378803783
PR,2005-2015,919,919,0.0380848748639826,617.4504896626767
MS,2005-2015,1973,1973,0.0349721236695388,620.4627470856566
AZ,2005-2015,14498,14498,0.0280038626017381,630.6779555800842
GA,2005-2015,16043,16043,0.027301626877766,627.0104095244033
LA,2005-2015,4917,4917,0.027252389668497,620.7451698189954
RI,2005-2015,1932,1932,0.0269151138716355,627.9534161490673
NJ,2005-2015,14925,14925,0.0251256281407036,631.0369849246273
AL,2005-2015,5817,5817,0.0233797490115179,625.0152999828113
NH,2005-2015,3314,3314,0.0226312613156306,630.4984912492455
MI,2005-2015,19134,19134,0.0225253475488658,631.3034911675541
MD,2005-2015,13059,13059,0.0221303315720958,630.6263879316938
IL,2005-2015,29477,29477,0.0220850154357633,632.7561149370595
DE,2005-2015,1951,1951,0.0220399794976934,632.8856996412065
NY,2005-2015,20042,20042,0.0217543159365333,631.2853008681747
ID,2005-2015,3695,3695,0.0211096075778078,631.3531799729355
CT,2005-2015,6116,6116,0.0206017004578155,633.0181491170705
ME,2005-2015,2551,2551,0.0203841630733046,631.3163465307722
SC,2005-2015,7937,7937,0.0200327579690059,629.4729746755729
