sample,band,score_range,loans,pct_of_role,bad_rate
Train,B06,634-646,39524,0.1026160284969519,0.0047060014168606
Train,B03,592-607,40397,0.1048825954658275,0.0211154293635666
Train,B10,695-max,37728,0.0979530797270773,0.0003975826972010178
Train,B02,572-591,38714,0.1005130282165519,0.0378157772382084
Train,B05,621-633,39242,0.1018838728437756,0.0077468018959278
Train,B01,min-571,38665,0.1003858096810709,0.1026509763351868
Train,B08,660-674,38307,0.0994563354830669,0.001514083587856
Train,B07,647-659,38176,0.0991162206229034,0.0031433361274098
Train,B04,608-620,36854,0.0956839164615592,0.0127801595484886
Train,B09,675-694,37557,0.097509113001215,0.0008254120403653114
Test,B01,min-571,16505,0.1001298260088815,0.0994244168433808
Test,B04,608-620,15775,0.0957011817806789,0.0116640253565768
Test,B06,634-646,16919,0.102641413283506,0.005674094213606
Test,B05,621-633,16759,0.1016707515348589,0.0061459514290828
Test,B09,675-694,16068,0.097478706107889,0.0006845904904157331
Test,B08,660-674,16290,0.0988254992841369,0.0015960712093308
Test,B10,695-max,16245,0.0985525006673299,0.0004924592182209911
Test,B03,592-607,17284,0.1048557353976073,0.0200185142328164
Test,B07,647-659,16394,0.0994564294207576,0.0030498963035256
Test,B02,572-591,16597,0.1006879565143536,0.0381996746399951
COVID 2020-21,B01,min-571,5691,0.05691,0.0217887893164645
Out-of-time 2016-19,B05,621-633,23259,0.116295,0.0033105464551356
Out-of-time 2016-19,B09,675-694,14624,0.07312,0.0010257111597374
Out-of-time 2016-19,B06,634-646,21951,0.109755,0.0024144685891303
Out-of-time 2016-19,B03,592-607,25881,0.129405,0.0083845291912986
Out-of-time 2016-19,B04,608-620,22799,0.113995,0.0046493267248563
Out-of-time 2016-19,B01,min-571,18768,0.09384,0.0302109974424552
Out-of-time 2016-19,B02,572-591,24930,0.12465,0.0129963898916967
Out-of-time 2016-19,B10,695-max,11818,0.05909,0.0004230834320528008
Out-of-time 2016-19,B07,647-659,18931,0.094655,0.001637525751413
Out-of-time 2016-19,B08,660-674,17039,0.085195,0.0011150889136686
COVID 2020-21,B02,572-591,9364,0.09364,0.0127082443400256
COVID 2020-21,B04,608-620,10133,0.10133,0.0050330602980361
COVID 2020-21,B06,634-646,11219,0.11219,0.002584900615028
COVID 2020-21,B07,647-659,10453,0.10453,0.0019133263178035
COVID 2020-21,B03,592-607,11055,0.11055,0.0073270013568521
COVID 2020-21,B05,621-633,11113,0.11113,0.0025195716728156
Recent 2022+,B08,660-674,6940,0.0645935909010526,0.001729106628242
Recent 2022+,B09,675-694,5371,0.0499902271944602,0.000930925339787749
Recent 2022+,B06,634-646,11104,0.1033497454416842,0.0030619596541786
Recent 2022+,B07,647-659,8691,0.0808909075678744,0.0014958002531354
Recent 2022+,B05,621-633,12594,0.117217821874331,0.0045259647451167
Recent 2022+,B10,695-max,3472,0.0323154103182211,0.000576036866359447
COVID 2020-21,B10,695-max,10126,0.10126,0.0007900454276120877
COVID 2020-21,B09,675-694,10160,0.1016,0.001771653543307
COVID 2020-21,B08,660-674,10686,0.10686,0.0020587684821261
Recent 2022+,B03,592-607,15908,0.1480626576446607,0.0147724415388483
Recent 2022+,B01,min-571,13593,0.1265159482878975,0.054071948797175
Recent 2022+,B04,608-620,13093,0.1218622313641905,0.008172305812266
Recent 2022+,B02,572-591,16675,0.1552014594056272,0.025127436281859
