orig_year,score_psi,status,sample_group
2005,0.0972313790720477,stable,Development (2005-15)
2006,0.2003252998643051,monitor,Development (2005-15)
2007,0.2185719042928374,monitor,Development (2005-15)
2008,0.0444152362405004,stable,Development (2005-15)
2009,0.1191273827848335,monitor,Development (2005-15)
2010,0.1385368576730084,monitor,Development (2005-15)
2011,0.1337140774768374,monitor,Development (2005-15)
2012,0.1138778659821234,monitor,Development (2005-15)
2013,0.0201221185052078,stable,Development (2005-15)
2014,0.0267544354379864,stable,Development (2005-15)
2015,0.018110039036271,stable,Development (2005-15)
2016,0.0181573626104288,stable,Out-of-time (2016-19)
2017,0.0509857854446486,stable,Out-of-time (2016-19)
2018,0.0862513104549195,stable,Out-of-time (2016-19)
2019,0.0642498516327706,stable,Out-of-time (2016-19)
2020,0.0503282285619638,stable,COVID holdout (2020-21)
2021,0.0197975680601663,stable,COVID holdout (2020-21)
2022,0.1870534066099975,monitor,Recent out-of-time (2022+)
2023,0.1754417878515433,monitor,Recent out-of-time (2022+)
2024,0.1058407272718972,monitor,Recent out-of-time (2022+)
2025,0.0576146551811002,stable,Monitoring only
2026,0.0336997898454879,stable,Monitoring only
