feature,bin,points,pct_pop,bad_rate,feature_iv,feature_rank
Property type,SF,59,0.7365148352390151,0.0207276534392746,0.0246,10
Property type,PU,66,0.1927023293973476,0.0136751906442833,0.0246,10
Property type,MISSING,60,2.596296642469182e-06,0.0,0.0246,10
Property type,CO,59,0.0707802390669948,0.0211283104687843,0.0246,10
Loan purpose,C,51,0.2550368154863902,0.0261119198623652,0.0407,9
Loan purpose,N,66,0.4018833535844471,0.0163316988713814,0.0407,9
Loan purpose,P,63,0.3430798309291626,0.0179957924051399,0.0407,9
Origination channel,THIRD_PARTY,55,0.4325274428555109,0.0249348716040193,0.0638,8
Origination channel,RETAIL,65,0.5674725571444891,0.0151759161824587,0.0638,8
Mortgage insurance,"00: (-inf, 0]",62,0.85152039131383,0.015739004497294,0.1585,7
Mortgage insurance,"01: (0, inf]",55,0.1484718197962426,0.0403770153534081,0.1585,7
Mortgage insurance,MISSING,60,7.788889927407545e-06,0.0,0.1585,7
Number of borrowers,"01: (1, inf]",71,0.5619580230758846,0.0125204438982471,0.1684,6
Number of borrowers,"00: (-inf, 1]",51,0.4378939880154947,0.0282282211062427,0.1684,6
Number of borrowers,MISSING,60,0.00014798890862074336,0.0,0.1684,6
Loan term,TERM_16_20Y,72,0.0540756664693481,0.0103226425965047,0.2861,5
Loan term,TERM_15Y_OR_LESS,86,0.2047102013687675,0.0046545841947062,0.2861,5
Loan term,TERM_OVER_20Y,56,0.7412141321618843,0.0241305269204767,0.2861,5
Combined LTV,MISSING,60,3.634815299456855e-05,0.0,0.3181,4
Combined LTV,"03: (57, 66]",70,0.1054771473969529,0.0122827745778565,0.3181,4
Combined LTV,"05: (77, 84]",61,0.2401730172082541,0.018431236892742,0.3181,4
Combined LTV,"00: (-inf, 35]",93,0.0504070993135391,0.0039660056657223,0.3181,4
Combined LTV,"07: (95, inf]",44,0.0645361456418564,0.0423220823108178,0.3181,4
Combined LTV,"01: (35, 45]",88,0.0530501292955728,0.0049919248274849,0.3181,4
Combined LTV,"04: (66, 77]",62,0.2022930491946288,0.0174675291339391,0.3181,4
Combined LTV,"02: (45, 57]",77,0.0994797021528491,0.0088474788600062,0.3181,4
Combined LTV,"06: (84, 95]",49,0.1845473616433519,0.0328639158143526,0.3181,4
Debt-to-income,"04: (29, 31]",67,0.0512067586794196,0.0133853876185164,0.3266,3
Debt-to-income,"09: (41, 45]",56,0.1045243065291667,0.0246156138999975,0.3266,3
Debt-to-income,"07: (36, 39]",59,0.0799217995451288,0.0204658415359126,0.3266,3
Debt-to-income,"08: (39, 41]",58,0.0539718146036493,0.0220800461804887,0.3266,3
Debt-to-income,"01: (19, 22]",78,0.0520116106385851,0.0072879748415115,0.3266,3
Debt-to-income,MISSING,60,0.152226064741253,0.0191021967526265,0.3266,3
Debt-to-income,"00: (-inf, 19]",81,0.0933160939236273,0.0061487952812865,0.3266,3
Debt-to-income,"03: (26, 29]",69,0.071019098358102,0.0116253564378153,0.3266,3
Debt-to-income,"06: (33, 36]",62,0.0790312697967619,0.0173127463863337,0.3266,3
Debt-to-income,"10: (45, inf]",45,0.124508001786252,0.0456251563933605,0.3266,3
Debt-to-income,"02: (22, 26]",73,0.0860568485112835,0.0093827309479273,0.3266,3
Debt-to-income,"05: (31, 33]",65,0.0522063328867703,0.0147205092500497,0.3266,3
Rate spread vs. market,"06: (0.4483, inf]",48,0.0998769355391469,0.0493644233018794,0.3348,2
Rate spread vs. market,"05: (0.2647, 0.4483]",53,0.0985943649977671,0.0330743910467412,0.3348,2
Rate spread vs. market,"04: (0.14, 0.2647]",58,0.1005675504460437,0.0238285788046985,0.3348,2
Rate spread vs. market,"02: (-0.1096, 0.006]",64,0.1494532199270959,0.0141060384962823,0.3348,2
Rate spread vs. market,"01: (-0.2297, -0.1096]",68,0.1487392383504169,0.0109095987013213,0.3348,2
Rate spread vs. market,"00: (-inf, -0.2297]",69,0.2521341558401097,0.0099574722230803,0.3348,2
Rate spread vs. market,"03: (0.006, 0.14]",62,0.1506345348994194,0.0170461400575673,0.3348,2
Credit score,"05: (732, 750]",68,0.0994147947367874,0.0138936042412055,1.2734,1
Credit score,MISSING,60,0.0003167481903812402,0.0245901639344262,1.2734,1
Credit score,"03: (701, 712]",53,0.0500695807500181,0.0262380088151413,1.2734,1
Credit score,"09: (772, 783]",93,0.1001287763134664,0.0052377742052585,1.2734,1
Credit score,"11: (793, 798]",107,0.0509003956756083,0.0029074215761285,1.2734,1
Credit score,"08: (765, 772]",90,0.055430933316717,0.0059016393442622,1.2734,1
Credit score,"07: (758, 765]",82,0.0500617918600907,0.0079867233689451,1.2734,1
Credit score,"12: (798, inf]",111,0.1410334299155684,0.0025220448813534,1.2734,1
Credit score,"02: (687, 701]",50,0.0539873923835041,0.0296239299798018,1.2734,1
Credit score,"06: (750, 758]",75,0.0517831365340478,0.0104788167460516,1.2734,1
Credit score,"04: (712, 732]",60,0.0967795536446812,0.019610473226741,1.2734,1
Credit score,"00: (-inf, 647]",18,0.0517052476347737,0.1007783078081847,1.2734,1
Credit score,"10: (783, 793]",102,0.1000275207444101,0.0035559477768837,1.2734,1
Credit score,"01: (647, 687]",34,0.0983606982999449,0.0542167084598125,1.2734,1
