sample_role,pd_type,loans,bads,actual_bad_rate,predicted_bad_rate,ratio_actual_to_predicted,z,traffic_light
covid_holdout,ttc,100000,500,0.005,0.013568367049999997,0.36850418193838597,-23.81532869174535,red
covid_holdout,pit,100000,500,0.005,0.005282814255854931,0.946465228161015,-1.239547099333185,green
oot,ttc,200000,1414,0.00707,0.018777541265,0.37651361806233796,-39.38225069494592,red
oot,pit,200000,1414,0.00707,0.0070700000000000094,0.9999999999999987,-4.882621287461434e-14,green
oot_recent,ttc,107441,1619,0.015068735398963152,0.02296509574557199,0.6561581787382108,-17.629614645307985,red
oot_recent,pit,107441,1619,0.015068735398963152,0.00851730294651303,1.7691909626312243,23.499035702736208,red
test,ttc,164836,3099,0.018800504744109298,0.018986609017447646,0.9901981299995524,-0.5716309185454742,green
test,pit,164836,3099,0.018800504744109298,0.007031490825315975,2.673757985492992,57.6932794367571,red
train,ttc,385164,7471,0.019396932215887258,0.01900252097807687,1.020755732266546,1.8507206833402137,green
train,pit,385164,7471,0.019396932215887258,0.007036577516576903,2.756586162831518,92.58380451587698,red
