sample_role,band,loans,bads,actual_bad_rate,predicted_pd_pit,predicted_pd_ttc,z,traffic_light
oot,B01,18768,567,0.030210997442455242,0.029293536232005098,0.08739005413469736,0.7471316670782114,green
oot,B02,24930,324,0.012996389891696752,0.013432571416585215,0.036347604131568394,-0.5983679530208743,green
oot,B03,25881,217,0.008384529191298637,0.008034745469342953,0.020088237316950655,0.6303586832741693,green
oot,B04,22799,106,0.004649326724856353,0.005247811939321535,0.012238886749418833,-1.2507727507813224,green
oot,B05,23259,77,0.0033105464551356463,0.003589124128336444,0.007857127348553247,-0.7104569576400853,green
oot,B06,21951,53,0.0024144685891303356,0.0024526256479829936,0.005034063596191517,-0.11429468371425358,green
oot,B07,18931,31,0.0016375257514130263,0.001675706712093653,0.0032227718556864402,-0.12844086290758036,green
oot,B08,17039,19,0.0011150889136686425,0.0011172233016077452,0.0020048590879746466,-0.008340114510010732,green
oot,B09,14624,15,0.0010257111597374179,0.0006849406855775979,0.0011309492614879648,1.5751480574640198,green
oot,B10,11818,5,0.0004230834320528008,0.0003096993397466539,0.0004506813335589779,0.7005349735762573,green
covid_holdout,B01,5691,124,0.021788789316464593,0.027290857058489954,0.08089104498330699,-2.5517561337485932,amber
covid_holdout,B02,9364,119,0.01270824434002563,0.013341178311024656,0.036064685070482695,-0.5339385850118749,green
covid_holdout,B03,11055,81,0.007327001356852103,0.008000272224076607,0.019988130076888284,-0.7946805121042755,green
covid_holdout,B04,10133,51,0.00503306029803612,0.005243220580445148,0.01222668498963782,-0.29293825172635657,green
covid_holdout,B05,11113,28,0.0025195716728156213,0.0035746114094994006,0.007820075317196078,-1.8636188963560067,green
covid_holdout,B06,11219,29,0.0025849006150280773,0.0024471600398622284,0.005021096710936803,0.2952883867894037,green
covid_holdout,B07,10453,20,0.0019133263178035013,0.0016726625877063848,0.003215913708983067,0.6021363784553153,green
covid_holdout,B08,10686,22,0.002058768482126146,0.0011129701812637863,0.0019959191465468836,2.932310911032321,red
covid_holdout,B09,10160,18,0.0017716535433070866,0.0006775926810537079,0.0011167833661417323,4.237944221705117,red
covid_holdout,B10,10126,8,0.0007900454276120877,0.00029908874931935313,0.0004332650602409639,2.8571715150462977,red
oot_recent,B01,13593,735,0.054071948797175015,0.028929633929741762,0.08620909166482749,17.52757038794837,red
oot_recent,B02,16675,419,0.02512743628185907,0.013482924619205578,0.03650447004497751,13.040492719686359,red
oot_recent,B03,15908,235,0.014772441538848378,0.008056806778667512,0.020152404702036712,9.475501522750628,red
oot_recent,B04,13093,107,0.008172305812266096,0.0052719383883247746,0.012304311464141144,4.582988988788537,red
oot_recent,B05,12594,57,0.004525964745116722,0.003590519728600631,0.007860893044306814,1.7551415495447598,green
oot_recent,B06,11104,34,0.0030619596541786743,0.002461590244983148,0.005055656430115273,1.2767093708465245,green
oot_recent,B07,8691,13,0.0014958002531354274,0.0016847350108330453,0.003242996548153262,-0.42948832651065055,green
oot_recent,B08,6940,12,0.001729106628242075,0.0011274242485396014,0.002026299423631124,1.4936613293714591,green
oot_recent,B09,5371,5,0.000930925339787749,0.0006918684152423502,0.0011443023645503632,0.6663024508036296,green
oot_recent,B10,3472,2,0.000576036866359447,0.000320048164206222,0.0004678231566820277,0.8432969078044674,green
