feature,orig_year,csi,status
credit_score,2005,0.14684025845912393,monitor
credit_score,2006,0.16499513380251124,monitor
credit_score,2007,0.14041855536856682,monitor
credit_score,2008,0.013124248690772047,stable
credit_score,2009,0.1077116365918177,monitor
credit_score,2010,0.08994025775243615,stable
credit_score,2011,0.08841121409266947,stable
credit_score,2012,0.08110911157655115,stable
credit_score,2013,0.00857021823202324,stable
credit_score,2014,0.0083074190082006,stable
credit_score,2015,0.016807945718598304,stable
credit_score,2016,0.020909673941453814,stable
credit_score,2017,0.025767096055669663,stable
credit_score,2018,0.03132567343134168,stable
credit_score,2019,0.042756259083410096,stable
credit_score,2020,0.09164202134926161,stable
credit_score,2021,0.028909524096775704,stable
credit_score,2022,0.03264751089912687,stable
credit_score,2023,0.03987260431041972,stable
credit_score,2024,0.031667885747950104,stable
credit_score,2025,0.06086100849464215,stable
credit_score,2026,0.05405013857605096,stable
rate_spread,2005,0.03390023979156158,stable
rate_spread,2006,0.016998947166812512,stable
rate_spread,2007,0.008062828512423974,stable
rate_spread,2008,0.06940344272089108,stable
rate_spread,2009,0.029489139381419716,stable
rate_spread,2010,0.02517769678155771,stable
rate_spread,2011,0.014983378086305286,stable
rate_spread,2012,0.0276489827204584,stable
rate_spread,2013,0.010287675629627761,stable
rate_spread,2014,0.02482347229485469,stable
rate_spread,2015,0.006315328134366606,stable
rate_spread,2016,0.021144643955051643,stable
rate_spread,2017,0.029536703838064116,stable
rate_spread,2018,0.02327268626279831,stable
rate_spread,2019,0.04806887568755878,stable
rate_spread,2020,0.036418288504792916,stable
rate_spread,2021,0.015578656231842168,stable
rate_spread,2022,0.24852460507209706,monitor
rate_spread,2023,0.284881010225372,significant shift
rate_spread,2024,0.15798612878206397,monitor
rate_spread,2025,0.07136819763109192,stable
rate_spread,2026,0.19665734344648678,monitor
orig_dti,2005,0.24020193435730622,monitor
orig_dti,2006,0.3311023032108997,significant shift
orig_dti,2007,0.3323770775495658,significant shift
orig_dti,2008,0.3457700542511379,significant shift
orig_dti,2009,0.060185682894139524,stable
orig_dti,2010,0.14686911893222526,monitor
orig_dti,2011,0.18574350351480212,monitor
orig_dti,2012,0.29203945982511303,significant shift
orig_dti,2013,0.18800965246632584,monitor
orig_dti,2014,0.11218373032135658,monitor
orig_dti,2015,0.11455059147009142,monitor
orig_dti,2016,0.19192663878818367,monitor
orig_dti,2017,0.2527285180806133,significant shift
orig_dti,2018,0.46980654034668845,significant shift
orig_dti,2019,0.9188894882959547,significant shift
orig_dti,2020,1.1650198514811307,significant shift
orig_dti,2021,1.097906336033958,significant shift
orig_dti,2022,1.2737647589620926,significant shift
orig_dti,2023,1.3443005958001397,significant shift
orig_dti,2024,1.3182732731044613,significant shift
orig_dti,2025,1.2897522494223952,significant shift
orig_dti,2026,1.227865749038604,significant shift
orig_cltv,2005,0.030410334071974503,stable
orig_cltv,2006,0.008544070578257908,stable
orig_cltv,2007,0.023985455269661407,stable
orig_cltv,2008,0.13551186451828962,monitor
orig_cltv,2009,0.0847956436331424,stable
orig_cltv,2010,0.031143887423070324,stable
orig_cltv,2011,0.032934470585418915,stable
orig_cltv,2012,0.13632993808947041,monitor
orig_cltv,2013,0.038865503274671205,stable
orig_cltv,2014,0.06031138982400669,stable
orig_cltv,2015,0.07506075003788956,stable
orig_cltv,2016,0.08096951692585723,stable
orig_cltv,2017,0.0651979942580563,stable
orig_cltv,2018,0.06976079585316966,stable
orig_cltv,2019,0.06616845739610021,stable
orig_cltv,2020,0.07847451625962461,stable
orig_cltv,2021,0.08458867074328676,stable
orig_cltv,2022,0.06954724485242206,stable
orig_cltv,2023,0.09694256611750564,stable
orig_cltv,2024,0.06978954450673676,stable
orig_cltv,2025,0.05455802859826664,stable
orig_cltv,2026,0.031030781933536252,stable
term_bucket,2005,0.007603475678326734,stable
term_bucket,2006,0.08105987483759877,stable
term_bucket,2007,0.11997111547931122,monitor
term_bucket,2008,0.07569668323422474,stable
term_bucket,2009,0.013378423953940297,stable
term_bucket,2010,0.036102688749519087,stable
term_bucket,2011,0.09603092488654025,stable
term_bucket,2012,0.0751250431203604,stable
term_bucket,2013,0.028507511010560448,stable
term_bucket,2014,0.0013122157068498226,stable
term_bucket,2015,5.718621846410333e-05,stable
term_bucket,2016,0.0004354687613188803,stable
term_bucket,2017,0.01677692428865001,stable
term_bucket,2018,0.06851013917939847,stable
term_bucket,2019,0.05521442815788122,stable
term_bucket,2020,0.0034078801052884735,stable
term_bucket,2021,0.004407106373880769,stable
term_bucket,2022,0.13801590410076045,monitor
term_bucket,2023,0.32458976622349,significant shift
term_bucket,2024,0.3027067272321247,significant shift
term_bucket,2025,0.1590871705062259,monitor
term_bucket,2026,0.10417834365174114,monitor
num_borrowers,2005,0.0024254085556041833,stable
num_borrowers,2006,0.0009065829259639322,stable
num_borrowers,2007,0.005259650978300362,stable
num_borrowers,2008,0.005674888446362026,stable
num_borrowers,2009,0.01146364645434265,stable
num_borrowers,2010,0.009802011590554527,stable
num_borrowers,2011,0.005971984221162729,stable
num_borrowers,2012,0.006369095937228521,stable
num_borrowers,2013,0.0009566933495449828,stable
num_borrowers,2014,0.012109758347194605,stable
num_borrowers,2015,0.010586220784768363,stable
num_borrowers,2016,0.018427521929846397,stable
num_borrowers,2017,0.03060830165568088,stable
num_borrowers,2018,0.04283864147842929,stable
num_borrowers,2019,0.040804138146775026,stable
num_borrowers,2020,0.020035144770649573,stable
num_borrowers,2021,0.04104757229358454,stable
num_borrowers,2022,0.06379774543766004,stable
num_borrowers,2023,0.0528407815939859,stable
num_borrowers,2024,0.04065843079432963,stable
num_borrowers,2025,0.029401742418686583,stable
num_borrowers,2026,0.035347530939323135,stable
mi_pct,2005,0.0055634708343949785,stable
mi_pct,2006,0.002819259691223609,stable
mi_pct,2007,0.014324076212411285,stable
mi_pct,2008,0.007015018595062065,stable
mi_pct,2009,0.06571346256892127,stable
mi_pct,2010,0.06916667632252403,stable
mi_pct,2011,0.0317892957358012,stable
mi_pct,2012,0.004995770160453862,stable
mi_pct,2013,0.005993684523579391,stable
mi_pct,2014,0.054230743888662766,stable
mi_pct,2015,0.04856420497067969,stable
mi_pct,2016,0.06389953712780178,stable
mi_pct,2017,0.11553230025691133,monitor
mi_pct,2018,0.18435920582450252,monitor
mi_pct,2019,0.17719864929775112,monitor
mi_pct,2020,0.039455837333719546,stable
mi_pct,2021,0.022370326977838032,stable
mi_pct,2022,0.17756107075013625,monitor
mi_pct,2023,0.30594675328873233,significant shift
mi_pct,2024,0.2566374687346775,significant shift
mi_pct,2025,0.22278788369899158,monitor
mi_pct,2026,0.14869079048176717,monitor
channel,2005,0.037975813407488124,stable
channel,2006,0.10209328867955325,monitor
channel,2007,0.04274114352411426,stable
channel,2008,0.027883853022389042,stable
channel,2009,0.0032959030418656284,stable
channel,2010,0.015515650587175515,stable
channel,2011,0.017814868337497493,stable
channel,2012,0.047941250791980694,stable
channel,2013,0.04263461702800006,stable
channel,2014,0.007193981653662213,stable
channel,2015,0.0069869178549368995,stable
channel,2016,0.0071038757583307775,stable
channel,2017,0.0027739223937064523,stable
channel,2018,2.068217031528869e-06,stable
channel,2019,0.008446466697970858,stable
channel,2020,0.0003677293772781274,stable
channel,2021,0.0006708065806237955,stable
channel,2022,0.004026695366565432,stable
channel,2023,0.042146328788238686,stable
channel,2024,0.02517958972359416,stable
channel,2025,0.013923437180367489,stable
channel,2026,0.0015882603557464468,stable
loan_purpose,2005,0.14904174802415038,monitor
loan_purpose,2006,0.2953907400766077,significant shift
loan_purpose,2007,0.22592040215620374,monitor
loan_purpose,2008,0.07612952025568434,stable
loan_purpose,2009,0.09470595058857786,stable
loan_purpose,2010,0.1292343421093006,monitor
loan_purpose,2011,0.13902482071594466,monitor
loan_purpose,2012,0.32396274075045,significant shift
loan_purpose,2013,0.08823138525893331,stable
loan_purpose,2014,0.10459040171015085,monitor
loan_purpose,2015,0.04285149656605907,stable
loan_purpose,2016,0.03967665274678321,stable
loan_purpose,2017,0.257328316061059,significant shift
loan_purpose,2018,0.556328544640849,significant shift
loan_purpose,2019,0.2022597750994431,monitor
loan_purpose,2020,0.04561033834600966,stable
loan_purpose,2021,0.0025747103545851356,stable
loan_purpose,2022,0.7008791228409965,significant shift
loan_purpose,2023,1.3913635372662994,significant shift
loan_purpose,2024,0.9591083986968136,significant shift
loan_purpose,2025,0.6688154773591304,significant shift
loan_purpose,2026,0.18381075700489366,monitor
property_type,2005,0.03676766991725137,stable
property_type,2006,0.016197598395363152,stable
property_type,2007,0.018976623363206702,stable
property_type,2008,0.003641600918740787,stable
property_type,2009,0.0027043629866653693,stable
property_type,2010,0.0075423407461867745,stable
property_type,2011,0.005315273187370873,stable
property_type,2012,0.0020701426988794353,stable
property_type,2013,0.006875618966129358,stable
property_type,2014,0.02263196847645807,stable
property_type,2015,0.032174222055975074,stable
property_type,2016,0.036834166336861505,stable
property_type,2017,0.03565711261950458,stable
property_type,2018,0.04977998642515769,stable
property_type,2019,0.05289610320116961,stable
property_type,2020,0.04578983728796152,stable
property_type,2021,0.044026650179076504,stable
property_type,2022,0.063400257754723,stable
property_type,2023,0.08472544855908934,stable
property_type,2024,0.08566197635356378,stable
property_type,2025,0.08479210166778611,stable
property_type,2026,0.08016700411556311,stable
