term,coef,std_err,z,p_value,iv,vif
const,-3.9699930518153437,0.015197631128010928,-261.2244644165763,0.0,,
credit_score,-0.8499089820551619,0.012593815426055777,-67.48621869562706,0.0,1.2734,1.1422227472359185
rate_spread,-0.43619812589477835,0.02120814164886072,-20.56748455931831,5.367892076344971e-94,0.3348,1.0911400317890239
orig_dti,-0.6105461382800955,0.022894227477065557,-26.668125792482588,1.103124120171683e-156,0.3266,1.0696618670478897
orig_cltv,-0.7136288261543323,0.031080738120088516,-22.96048515312094,1.1577489282030056e-116,0.3181,1.4482347655704295
term_bucket,-0.6205402793672533,0.031360665841471,-19.78721633348287,3.836546386852952e-87,0.2861,1.1122963808128836
num_borrowers,-0.8682488013020806,0.030220123971684304,-28.73081533734321,1.5731145660942202e-181,0.1684,1.0211988010764645
mi_pct,-0.22315965647498276,0.03294455093282875,-6.773795670488485,1.2544681287647674e-11,0.1585,1.2944924353952645
channel,-0.6323219729442773,0.049348175392812,-12.813482320490833,1.37808377813255e-37,0.0638,1.0487619680145674
loan_purpose,-1.0779389166947064,0.06701829632521787,-16.084248269514664,3.2902174061518696e-58,0.0407,1.0962416655070617
property_type,-0.5624417725888489,0.08271133541555134,-6.8000567245478045,1.045779658966467e-11,0.0246,1.0180146950431463
