orig_year,loans,roles,psi,status
2005,50000,"test,train",0.09723137907204779,stable
2006,50000,"test,train",0.20032529986430517,monitor
2007,50000,"test,train",0.2185719042928374,monitor
2008,49999,"test,train",0.044415236240500415,stable
2009,50001,"test,train",0.11912738278483359,monitor
2010,50000,"test,train",0.13853685767300847,monitor
2011,50000,"test,train",0.13371407747683745,monitor
2012,50000,"test,train",0.11387786598212343,monitor
2013,50000,"test,train",0.02012211850520787,stable
2014,50000,"test,train",0.026754435437986432,stable
2015,50000,"test,train",0.018110039036271036,stable
2016,50000,oot,0.018157362610428864,stable
2017,50000,oot,0.05098578544464862,stable
2018,50000,oot,0.08625131045491952,stable
2019,50000,oot,0.06424985163277061,stable
2020,50000,covid_holdout,0.05032822856196389,stable
2021,50000,covid_holdout,0.01979756806016632,stable
2022,50000,"monitor,oot_recent",0.18705340660999759,monitor
2023,50000,"monitor,oot_recent",0.17544178785154332,monitor
2024,50000,"monitor,oot_recent",0.10584072727189728,monitor
2025,50000,monitor,0.05761465518110029,stable
2026,12500,monitor,0.03369978984548794,stable
