feature,bin,n,bads,pct_pop,bad_rate,woe,iv,points
credit_score,"00: (-inf, 647]",19915,2007,0.05170524763477376,0.10077830780818478,-1.7337495595308534,0.3832271658397211,18
credit_score,"01: (647, 687]",37885,2054,0.09836069829994495,0.05421670845981259,-1.0633399677047666,0.19126467758870777,34
credit_score,"02: (687, 701]",20794,616,0.05398739238350417,0.029623929979801865,-0.43382021564378825,0.012588227874470757,50
credit_score,"03: (701, 712]",19285,506,0.050069580750018175,0.026238008815141302,-0.3091380485125579,0.005567989299506025,53
credit_score,"04: (712, 732]",37276,731,0.09677955364468123,0.019610473226741067,-0.010918735040559539,1.1598576957478141e-05,60
credit_score,"05: (732, 750]",38291,532,0.09941479473678745,0.013893604241205506,0.33927462789927404,0.009758664954559048,68
credit_score,"06: (750, 758]",19945,209,0.051783136534047834,0.010478816746051643,0.6233663997768686,0.015109729895394122,75
credit_score,"07: (758, 765]",19282,154,0.050061791860090764,0.00798672336894513,0.8966056989857417,0.02688390338570417,82
credit_score,"08: (765, 772]",21350,126,0.055430933316717036,0.005901639344262295,1.2005342924449798,0.04715432372964943,90
credit_score,"09: (772, 783]",38566,202,0.10012877631346648,0.005237774205258518,1.3220130921046487,0.09848279356010387,93
credit_score,"10: (783, 793]",38527,137,0.10002752074441017,0.003555947776883744,1.7098065418649724,0.14235091636567745,102
credit_score,"11: (793, 798]",19605,57,0.05090039567560831,0.002907421576128539,1.9067340351603905,0.08402493246595195,107
credit_score,"12: (798, inf]",54321,137,0.14103342991556844,0.002522044881353436,2.054391398398378,0.2569464818648768,111
credit_score,MISSING,122,3,0.0003167481903812402,0.02459016393442623,0.0,-0.0,60
rate_spread,"00: (-inf, -0.2297]",97113,967,0.2521341558401097,0.009957472223080329,0.6763191883400522,0.08462113308604806,69
rate_spread,"01: (-0.2297, -0.1096]",57289,625,0.14873923835041697,0.01090959870132137,0.5837581257778887,0.038727690384657856,68
rate_spread,"02: (-0.1096, 0.006]",57564,812,0.14945321992709598,0.014106038496282398,0.3237453373785643,0.013453758888783699,64
rate_spread,"03: (0.006, 0.14]",58019,989,0.15063453489941947,0.017046140057567348,0.13154799073065013,0.002448389287360387,62
rate_spread,"04: (0.14, 0.2647]",38735,923,0.10056755044604376,0.023828578804698592,-0.21036952052042665,0.004931054001355816,58
rate_spread,"05: (0.2647, 0.4483]",37975,1256,0.09859436499776718,0.03307439104674128,-0.5476158645539898,0.0388179131893853,53
rate_spread,"06: (0.4483, inf]",38469,1899,0.09987693553914696,0.049364423301879436,-0.9649425248229708,0.151790877059686,48
orig_dti,"00: (-inf, 19]",35942,221,0.09331609392362734,0.006148795281286517,1.1608194978114177,0.07539807381890265,81
orig_dti,"01: (19, 22]",20033,146,0.05201161063858512,0.007287974841511506,0.9885553040957109,0.032682570081964735,78
orig_dti,"02: (22, 26]",33146,311,0.0860568485112835,0.009382730947927352,0.735600247841835,0.03330395888286025,73
orig_dti,"03: (26, 29]",27354,318,0.07101909835810201,0.01162535643781531,0.5190546688038468,0.015044713661718062,69
orig_dti,"04: (29, 31]",19723,264,0.05120675867941968,0.013385387618516454,0.3759834702876135,0.006070642044128013,67
orig_dti,"05: (31, 33]",20108,296,0.05220633288677031,0.01472050925004973,0.2797551720886469,0.0035811039092885242,65
orig_dti,"06: (33, 36]",30440,527,0.0790312697967619,0.01731274638633377,0.11565035705434959,0.001000332080884472,62
orig_dti,"07: (36, 39]",30783,630,0.07992179954512883,0.02046584153591268,-0.05472281384484849,0.00024573432876761426,59
orig_dti,"08: (39, 41]",20788,459,0.05397181460364935,0.022080046180488744,-0.1325765697647707,0.0010116285245496289,58
orig_dti,"09: (41, 45]",40259,991,0.10452430652916679,0.024615613899997515,-0.2433069383075531,0.006968055408283423,56
orig_dti,"10: (45, inf]",47956,2188,0.12450800178625208,0.04562515639336058,-0.881886236171948,0.15126150222456267,45
orig_dti,MISSING,58632,1120,0.15222606474125308,0.019102196752626553,0.015961361129533193,3.8485302392783585e-05,60
orig_cltv,"00: (-inf, 35]",19415,77,0.05040709931353917,0.00396600566572238,1.5971126661629753,0.06521622352132597,93
orig_cltv,"01: (35, 45]",20433,102,0.0530501292955728,0.004991924827484951,1.367601283894574,0.054866328110300594,88
orig_cltv,"02: (45, 57]",38316,339,0.09947970215284918,0.008847478860006263,0.794812607068203,0.043822009740656954,77
orig_cltv,"03: (57, 66]",40626,499,0.10547714739695299,0.012282774577856545,0.4637469616839007,0.018282832762393054,70
orig_cltv,"04: (66, 77]",77916,1361,0.2022930491946288,0.017467529133939112,0.10696633084122982,0.00219940935378457,62
orig_cltv,"05: (77, 84]",92506,1705,0.24017301720825415,0.018431236892742092,0.05235487840315819,0.00064201341871816,61
orig_cltv,"06: (84, 95]",71081,2336,0.18454736164335192,0.03286391581435264,-0.5407054073142238,0.07058491899083272,49
orig_cltv,"07: (95, inf]",24857,1052,0.06453614564185646,0.042322082310817875,-0.8037142441726035,0.06250108390370979,44
orig_cltv,MISSING,14,0,3.634815299456855e-05,0.0,0.0,-0.0,60
term_bucket,TERM_15Y_OR_LESS,78847,367,0.20471020136876758,0.004654584194706203,1.441026094001128,0.22855823390456192,86
term_bucket,TERM_16_20Y,20828,215,0.054075666469348124,0.010322642596504705,0.6378845177834555,0.016417936465216196,72
term_bucket,TERM_OVER_20Y,285489,6889,0.7412141321618843,0.024130526920476795,-0.22307571003488097,0.041123132405176295,56
num_borrowers,"00: (-inf, 1]",168661,4761,0.4378939880154947,0.0282282211062427,-0.3841592608810776,0.07808158095699905,51
num_borrowers,"01: (1, inf]",216446,2710,0.5619580230758846,0.012520443898247137,0.4447547755944537,0.0903598605862714,71
num_borrowers,MISSING,57,0,0.00014798890862074336,0.0,0.0,0.0,60
mi_pct,"00: (-inf, 0]",327975,5162,0.85152039131383,0.015739004497294002,0.2127977461806043,0.03486227659460296,62
mi_pct,"01: (0, inf]",57186,2309,0.14847181979624263,0.04037701535340818,-0.7547836750592448,0.12361135845866272,55
mi_pct,MISSING,3,0,7.788889927407545e-06,0.0,0.0,-0.0,60
channel,RETAIL,218570,3317,0.5674725571444891,0.015175916182458709,0.24968327307184018,0.031441157466161024,65
channel,THIRD_PARTY,166594,4154,0.4325274428555109,0.024934871604019353,-0.25680194629212905,0.03233757044134998,55
loan_purpose,N,154791,2528,0.40188335358444716,0.01633169887138141,0.17513027845701742,0.011342360039202672,66
loan_purpose,P,132142,2378,0.34307983092916267,0.017995792405139925,0.0763951796688456,0.001930473092263331,63
loan_purpose,C,98231,2565,0.25503681548639023,0.026111919862365243,-0.3041412590850467,0.02738330908010831,51
property_type,MISSING,1,0,2.596296642469182e-06,0.0,0.0,-0.0,60
property_type,PU,74222,1015,0.19270232939734763,0.013675190644283367,0.35512630603374806,0.020575247058210167,66
property_type,SF,283679,5880,0.7365148352390151,0.020727653439274674,-0.06753262850938467,0.0034702805021683634,59
property_type,CO,27262,576,0.07078023906699484,0.021128310468784387,-0.08785270782921617,0.000570003227777362,59
