score,pd_ttc,pd_pit
487,0.5010646395749168,0.18276720253712533
488,0.49240088660450565,0.17839638291919438
489,0.48374169543816137,0.1741078211015304
490,0.47509225618794687,0.169901035008987
491,0.4664577355915647,0.1657754907912782
492,0.45784326470465136,0.1617306055075415
493,0.44925392677406173,0.15776574979237928
494,0.44069474535265873,0.1538802504966863
495,0.43217067271403425,0.15007339329706382
496,0.4236865786230128,0.14634442526810973
497,0.41524723951476356,0.14269255741236
498,0.4068573281319029,0.1391169671431326
499,0.39852140366515754,0.13561680071599053
500,0.3902439024390241,0.13219117560499621
501,0.3820291291794503,0.12883918282036663
502,0.3738812488959416,0.125559889164566
503,0.365804279405706,0.12235233942427817
504,0.35780208452255235,0.11921555849609324
505,0.3498783679283073,0.11614855344411248
506,0.34203666773956565,0.11315031548803113
507,0.3342803517776909,0.11021982192058952
508,0.3266126135451847,0.10735603795359853
509,0.31903646890689313,0.10455791849203866
510,0.3115547534700581,0.1018244098360055
511,0.3041701206529844,0.09915445131053151
512,0.29688504042811625,0.09654697682354582
513,0.2897017987216318,0.09400091635245403
514,0.2826224974482806,0.0915151973600153
515,0.27564905515714216,0.0890887461403753
516,0.26878320826127444,0.08672048909627701
517,0.26202651282186046,0.08440935394861594
518,0.2553803468554562,0.082154270879638
519,0.24884591313128818,0.079954173611193
520,0.2424242424242422,0.07780800041955603
521,0.23611619718821342,0.0757146950884177
522,0.22992247561384663,0.07367320780171577
523,0.22384361603436165,0.07168249597804394
524,0.2178800016431187,0.06974152504842306
525,0.21203186548681405,0.0678492691792588
526,0.20629929569868083,0.06600471194234087
527,0.20068224093678783,0.06420684693375715
528,0.19518051599345185,0.06245467834361066
529,0.18979380754288472,0.06074722147842821
530,0.18452167999546273,0.059083503238149364
531,0.1793635814284072,0.05746256254957295
532,0.17431884956418034,0.05588345075812451
533,0.1693867177695055,0.05434523197978592
534,0.1645663210495966,0.05284698341500424
535,0.15985670201390612,0.05138779562636747
536,0.1552568167914577,0.04996677278180043
537,0.1507655408755975,0.048583032864999084
538,0.14638167487976683,0.04723570785478166
539,0.14210395018764832,0.045923943874993385
540,0.1379310344827585,0.044646901316558435
541,0.1338615371442401,0.043403754933227394
542,0.129894014497236,0.04219369391252217
543,0.12602697490779738,0.04101592192333248
544,0.12225888371378167,0.03986965714157025
545,0.1185881679846294,0.03875413225523972
546,0.11501322110426355,0.037668594450231435
547,0.11153240717263306,0.03661230537810007
548,0.10814406522261577,0.035584541107036884
549,0.10484651325010926,0.034584592057199354
550,0.10163805205616644,0.03361176292151225
551,0.0985169689009789,0.03266537257300726
552,0.09548154097037569,0.03174475395972139
553,0.09253003865628995,0.030849253988129096
554,0.08966072865335246,0.029978233396037134
555,0.08687187687440315,0.02913106661582829
556,0.08416175118827172,0.028307141628896724
557,0.0815286239836693,0.027505859812075848
558,0.07897077456345923,0.02672663577681946
559,0.07648649137393929,0.02596889720185702
560,0.074074074074074,0.025232084660006232
561,0.0717318354498686,0.024515651439788833
562,0.06945810317927781,0.02381906336245981
563,0.06725122145319921,0.023141798595026204
564,0.06510955245821337,0.02248334745979801
565,0.06303147772680774,0.021843212240982277
566,0.061015399360859514,0.021220906988800275
567,0.059059741134159204,0.020615957321578882
568,0.057162949479734625,0.020027900226238328
569,0.05532349436768662,0.019456283857572254
570,0.05353987007917712,0.018900667336689363
571,0.05181059588211942,0.018360620548962082
572,0.050134216614012087,0.017835723941803293
573,0.04850930317723458,0.017325568322570414
574,0.04693445295198705,0.016829754656874193
575,0.04540829013190979,0.016347893867549437
576,0.043929465987262675,0.015879606634525676
577,0.04249665906038271,0.015424523195816954
578,0.0411085752979701,0.014982283149832874
579,0.03976394812458194,0.014552535259196437
580,0.03846153846153842,0.014134937256238272
581,0.03720013469527137,0.013729155650322343
582,0.03597855259896904,0.013334865537144249
583,0.034795635211196045,0.012951750410129479
584,0.033650252674994004,0.012579501974047407
585,0.03254130204079677,0.012217819960944145
586,0.031467707036325725,0.011866411948486892
587,0.03042841780646555,0.011524993180801921
588,0.029422410625959183,0.011193286391878289
589,0.028448687587603758,0.01087102163160049
590,0.02750627626847666,0.01055793609446467
591,0.026594229376572714,0.010253773951024626
592,0.025711624380090847,0.009958286182106701
593,0.02485756312147063,0.009671230415825481
594,0.024031171418146605,0.00939237076742551
595,0.023231598651860794,0.009121477681968295
596,0.022458017348252042,0.008858327779878319
597,0.021709622748323887,0.008602703705355931
598,0.020985632373281337,0.008354393977660881
599,0.020285285584120627,0.008113192845265117
600,0.019607843137254884,0.007878900142869356
601,0.01895258673736254,0.007651321151274539
602,0.018318818588554157,0.0074302664600949106
603,0.017705860944866904,0.007215551833297049
604,0.017113055661014186,0.007006998077545529
605,0.01653976374424077,0.006804430913333442
606,0.015985364908060667,0.0066076808488734606
607,0.015449257128586856,0.006416583056722928
608,0.014930856204096626,0.00623097725311412
609,0.014429595318416468,0.006050707579959428
610,0.013944924608652664,0.0058756224894990754
611,0.013476310737741085,0.005705574631557797
612,0.013023236472239071,0.005540420743375534
613,0.012585200265736257,0.005380021541975893
614,0.012161715848216941,0.005224241619035252
615,0.011752311821666634,0.0050729493382145295
616,0.011356531262176985,0.004926016734914598
617,0.010973931328768734,0.004783319418416151
618,0.010604082879119164,0.004644736476363834
619,0.010246570092350837,0.004510150381554322
620,0.009900990099009889,0.004379446900987637
621,0.009566952618336904,0.004252515007140647
622,0.009244079602908996,0.004129246791421645
623,0.008932004890710344,0.004009537379764859
624,0.008630373864667803,0.0038932848503234925
625,0.0083388431196702,0.0037803901532203104
626,0.008057080137072637,0.0036707570323145236
627,0.0077847629666720364,0.0035642919489441995
628,0.007521579916125966,0.0034609040076034165
629,0.007267229247774002,0.0033605048835137715
630,0.0070214188828096125,0.0032630087520501305
631,0.0067838661127398,0.003168332219980793
632,0.0065542973180607745,0.003076394258482707
633,0.006332447694069209,0.00298711613789269
634,0.006118060983721517,0.002900421364156151
635,0.005910889217446698,0.002816235616935125
636,0.005710692459812768,0.002734486689338108
637,0.005517238562941443,0.0026551044292344368
638,0.005330302926561622,0.0025780206821167666
639,0.005149668264588146,0.0025031692354754507
640,0.00497512437810945,0.002430485764649427
641,0.004806467934664698,0.00235990778011854
642,0.004643502253689197,0.002291374576203045
643,0.004486037098004816,0.002224827181136375
644,0.004333888471231154,0.0021602083084780598
645,0.004186878420991992,0.002097462309834055
646,0.004044834847791257,0.002036535128852567
647,0.0039075913194322204,0.0019773742564638264
648,0.003774986890853926,0.0019199286873330525
649,0.0036468659292589116,0.0018641488774963034
650,0.0035230779444070403,0.0018099867031495982
651,0.0034034774239508066,0.001757395420562235
652,0.00328792367368861,0.0017063296270858712
653,0.0031762806626134455,0.0016567452232314605
654,0.0030684168726358915,0.0016085993757867787
655,0.0029642051528615226,0.001561850481947825
656,0.002863522578304597,0.001516458134437982
657,0.002766250312921321,0.001472383087589347
658,0.0026722734768479185,0.0014295872243612646
659,0.0025814810177303945,0.0013880335242716008
660,0.0024937655860349114,0.0013476860322168987
661,0.0024090234142295245,0.0013085098281580385
662,0.002327154199730163,0.0012704709976486242
663,0.0022480609915056437,0.001233536603183798
664,0.0021716500802387243,0.0011976746563477512
665,0.0020978308919421774,0.0011628540907386588
666,0.0020265158849311145,0.0011290447356503233
667,0.0019576204500547987,0.0010962172904902712
668,0.0018910628140934548,0.0010643432999145651
669,0.0018267639462276033,0.0010333951296600345
670,0.0017646474674897037,0.001003345943055154
671,0.0017046395631099122,0.0009741696781911877
672,0.0016466688976699926,0.0009458410257357614
673,0.0015906665329814102,0.0009183354073713763
674,0.0015365658486058346,0.0008916289548418977
675,0.001484302464938249,0.0008656984895904038
676,0.0014338141687749888,0.0008405215029722747
677,0.0013850408412909752,0.000816076137027739
678,0.00133792438835247,0.000792341165798561
679,0.0012924086730935677,0.0007692959771738924
680,0.0012484394506866408,0.0007469205552507377
681,0.0012059643052387847,0.0007251954631948289
682,0.0011649325887482353,0.000704101826588101
683,0.0011252953620565023,0.0006836213172492906
684,0.0010870053377338169,0.0006637361375145577
685,0.0010500168248371898,0.0006444290049653557
686,0.0010142856754821684,0.0006256831375911295
687,0.0009797692331709941,0.000607482239374727
688,0.0009464262828215896,0.0005898104862887515
689,0.0009142170024433475,0.0005726525126913814
690,0.0008831029164073371,0.0005559933981105004
691,0.0008530468502600257,0.0005398186544052656
692,0.0008240128870311731,0.000524114213294549
693,0.0007959663249879743,0.0005088664142419555
694,0.000768873636789009,0.0004940619926874146
695,0.0007427024299929013,0.0004796880686155975
696,0.0007174214088780102,0.0004657321354516846
697,0.0006930003375307418,0.00045218204927526375
698,0.0006694100041614223,0.0004390260183433922
699,0.0006466221866078777,0.0004262525929140901
700,0.0006246096189881318,0.0004138506553617895
701,0.0006033459594648052,0.00040180941057647477
702,0.0005828057590849517,0.00039011837663849113
703,0.0005629644316602268,0.00037876737576121686
704,0.0005437982246533325,0.00036774652549399946
705,0.0005252841910378007,0.0003570462301779793
706,0.0005074001620991614,0.0003466571726476161
707,0.0004901247211465954,0.00033657030617094457
708,0.0004734371781051066,0.00032677684662176356
709,0.00045731754495923285,0.0003172682648771664
710,0.00044174651202020745,0.00030803627943399344
711,0.00042670542498940124,0.00029907284923797123
712,0.00041217626279172083,0.00029037016671947674
713,0.00039814161615350476,0.00028192065103002797
714,0.0003845846669002509,0.0002737169414737745
715,0.0003714891679503274,0.0002657518911284216
716,0.000358839423981562,0.00025801856065016984
717,0.000346620272748376,0.0002505102122574138
718,0.0003348170670278277,0.00024322030388807973
719,0.0003234156571736513,0.00023614248352564018
720,0.0003124023742580441,0.00022927058368897213
721,0.00030176401378161576,0.00022259861608136034
722,0.00029148781993255604,0.00021612076639409466
723,0.00028156147037668736,0.00020983138926021418
724,0.00027197306156068136,0.00020372500335410815
725,0.00026271109451127863,0.00019779628663277025
726,0.000253764461113933,0.00019204007171464934
727,0.00024512243085483246,0.000186451341392143
728,0.0002367746380107866,0.00018102522427389023
729,0.0002287110692719684,0.00017575699055313775
730,0.00022092205178300564,0.00017064204789854465
731,0.0002133982415883851,0.00016567593746391536
732,0.00020613061246860755,0.0001608543300134297
733,0.00019911044515396548,0.00015617302215904788
734,0.0001923293169032638,0.0001516279327068637
735,0.0001857790914352136,0.0001472150991092568
736,0.00017945190920064594,0.0001429306740198131
737,0.00017334017798407335,0.0001387709219480324
738,0.0001674365638235201,0.00013473221601096152
739,0.00016173398223790202,0.00013081103477894518
740,0.00015622558975160117,0.00012700395921279236
741,0.00015090477570621583,0.0001233076696897084
742,0.00014576515434980977,0.00011971894311543786
743,0.0001408005571943004,0.00011623465012012828
744,0.00013600502563194505,0.00011285175233549586
745,0.00013137280380217723,0.00010956729975094606
746,0.0001268983317003466,0.00010637842814636721
747,0.00012257623852019177,0.00010328235659938165
748,0.0001184013362221553,0.00010027638506490393
749,0.00011436861331990598,9.735789202491386e-05
750,0.0001104732288776982,9.452433220641582e-05
751,0.00010671050671143813,9.177323436561007e-05
752,0.00010307592978657259,8.910219913636476e-05
753,9.956513480613927e-05,8.650889694112369e-05
754,9.617390698254883e-05,8.399106596244746e-05
755,9.28981749868793e-05,8.154651017343031e-05
756,8.973400606967768e-05,7.917309742529031e-05
757,8.667760134745908e-05,7.686875759047635e-05
758,8.3725291249296e-05,7.463148075968492e-05
759,8.087353111807368e-05,7.245931549122637e-05
760,7.811889696117484e-05,7.035036711122312e-05
761,7.545808134552824e-05,6.83027960631684e-05
762,7.288788943213152e-05,6.631481630541445e-05
763,7.040523514531911e-05,6.438469375520129e-05
764,6.800713747221005e-05,6.251074477788025e-05
765,6.569071688791928e-05,6.0691334720017124e-05
766,6.345319190227003e-05,5.892487648510829e-05
767,6.129187572388492e-05,5.72098291506704e-05
768,5.920417303767643e-05,5.55446966255067e-05
769,5.7187576891887105e-05,5.392802634598403e-05
770,5.5239665690964596e-05,5.235840801018864e-05
