sample_role,band,loans,bads,labeled,mean_pd,min_score,max_score,bad_rate,pct_of_role,score_range
covid_holdout,B01,5691,124,5691,0.08089104498330697,510,571,0.021788789316464593,0.05691,min-571
covid_holdout,B02,9364,119,9364,0.036064685070482695,572,591,0.01270824434002563,0.09364,572-591
covid_holdout,B03,11055,81,11055,0.019988130076888284,592,607,0.007327001356852103,0.11055,592-607
covid_holdout,B04,10133,51,10133,0.012226684989637818,608,620,0.00503306029803612,0.10133,608-620
covid_holdout,B05,11113,28,11113,0.007820075317196078,621,633,0.0025195716728156213,0.11113,621-633
covid_holdout,B06,11219,29,11219,0.005021096710936804,634,646,0.0025849006150280773,0.11219,634-646
covid_holdout,B07,10453,20,10453,0.003215913708983067,647,659,0.0019133263178035013,0.10453,647-659
covid_holdout,B08,10686,22,10686,0.0019959191465468836,660,674,0.002058768482126146,0.10686,660-674
covid_holdout,B09,10160,18,10160,0.0011167833661417323,675,694,0.0017716535433070866,0.1016,675-694
covid_holdout,B10,10126,8,10126,0.0004332650602409638,695,770,0.0007900454276120877,0.10126,695-max
monitor,B01,10638,0,0,0.08955554352321865,494,571,,0.10125738870539411,min-571
monitor,B02,12728,0,0,0.03648332565996228,572,591,,0.12115097231079679,572-591
monitor,B03,13132,0,0,0.020012040130977765,592,607,,0.1249964305771043,592-607
monitor,B04,11870,0,0,0.012258790311710194,608,620,,0.11298413272542096,608-620
monitor,B05,12713,0,0,0.007841983953433494,621,633,,0.12100819539496854,621-633
monitor,B06,12172,0,0,0.005029803647716069,634,646,,0.11585870796409636,634-646
monitor,B07,10565,0,0,0.00322639659252248,647,659,,0.1005625410483633,647-659
monitor,B08,9046,0,0,0.0020135244306875967,660,674,,0.08610399870548929,660-674
monitor,B09,7210,0,0,0.0011389428571428573,675,694,,0.06862810420811163,675-694
monitor,B10,4985,0,0,0.00046682086258776327,695,767,,0.04744952836025471,695-max
oot,B01,18768,567,18768,0.08739005413469736,499,571,0.030210997442455242,0.09384,min-571
oot,B02,24930,324,24930,0.03634760413156839,572,591,0.012996389891696752,0.12465,572-591
oot,B03,25881,217,25881,0.02008823731695066,592,607,0.008384529191298637,0.129405,592-607
oot,B04,22799,106,22799,0.012238886749418833,608,620,0.004649326724856353,0.113995,608-620
oot,B05,23259,77,23259,0.007857127348553249,621,633,0.0033105464551356463,0.116295,621-633
oot,B06,21951,53,21951,0.005034063596191517,634,646,0.0024144685891303356,0.109755,634-646
oot,B07,18931,31,18931,0.0032227718556864402,647,659,0.0016375257514130263,0.094655,647-659
oot,B08,17039,19,17039,0.0020048590879746466,660,674,0.0011150889136686425,0.085195,660-674
oot,B09,14624,15,14624,0.001130949261487965,675,694,0.0010257111597374179,0.07312,675-694
oot,B10,11818,5,11818,0.0004506813335589778,695,770,0.0004230834320528008,0.05909,695-max
oot_recent,B01,13593,735,13593,0.08620909166482749,499,571,0.054071948797175015,0.12651594828789756,min-571
oot_recent,B02,16675,419,16675,0.03650447004497751,572,591,0.02512743628185907,0.15520145940562727,572-591
oot_recent,B03,15908,235,15908,0.020152404702036712,592,607,0.014772441538848378,0.14806265764466078,592-607
oot_recent,B04,13093,107,13093,0.012304311464141144,608,620,0.008172305812266096,0.12186223136419058,608-620
oot_recent,B05,12594,57,12594,0.007860893044306814,621,633,0.004525964745116722,0.11721782187433102,621-633
oot_recent,B06,11104,34,11104,0.005055656430115274,634,646,0.0030619596541786743,0.10334974544168428,634-646
oot_recent,B07,8691,13,8691,0.003242996548153262,647,659,0.0014958002531354274,0.08089090756787447,647-659
oot_recent,B08,6940,12,6940,0.002026299423631124,660,674,0.001729106628242075,0.06459359090105267,660-674
oot_recent,B09,5371,5,5371,0.0011443023645503632,675,694,0.000930925339787749,0.04999022719446022,675-694
oot_recent,B10,3472,2,3472,0.0004678231566820277,695,767,0.000576036866359447,0.03231541031822116,695-max
test,B01,16505,1641,16505,0.10053798715540746,487,571,0.0994244168433808,0.10012982600888155,min-571
test,B02,16597,634,16597,0.0364481954570103,572,591,0.03819967463999518,0.10068795651435367,572-591
test,B03,17284,346,17284,0.020046890939597314,592,607,0.02001851423281648,0.10485573539760731,592-607
test,B04,15775,184,15775,0.012197711568938193,608,620,0.011664025356576862,0.09570118178067898,608-620
test,B05,16759,103,16759,0.007835424309326332,621,633,0.0061459514290828805,0.1016707515348589,621-633
test,B06,16919,96,16919,0.005021943140847568,634,646,0.0056740942136060055,0.10264141328350603,634-646
test,B07,16394,50,16394,0.0032124120409906063,647,659,0.00304989630352568,0.09945642942075761,647-659
test,B08,16290,26,16290,0.0019927619398403926,660,674,0.0015960712093308778,0.09882549928413696,660-674
test,B09,16068,11,16068,0.001117532362459547,675,694,0.0006845904904157331,0.09747870610788906,675-694
test,B10,16245,8,16245,0.00043669596799015084,695,770,0.0004924592182209911,0.09855250066732996,695-max
train,B01,38665,3969,38665,0.10045167174447175,487,571,0.10265097633518686,0.10038580968107091,min-571
train,B02,38714,1464,38714,0.036486799039107294,572,591,0.0378157772382084,0.1005130282165519,572-591
train,B03,40397,853,40397,0.02001697712701438,592,607,0.021115429363566602,0.10488259546582754,592-607
train,B04,36854,471,36854,0.012223833830791772,608,620,0.01278015954848863,0.09568391646155923,608-620
train,B05,39242,304,39242,0.007841022858162175,621,633,0.007746801895927832,0.10188387284377563,621-633
train,B06,39524,186,39524,0.005014829824916506,634,646,0.004706001416860642,0.10261602849695195,634-646
train,B07,38176,120,38176,0.0032126267550293378,647,659,0.003143336127409891,0.09911622062290348,647-659
train,B08,38307,58,38307,0.0019986059205889264,660,674,0.0015140835878560055,0.09945633548306695,660-674
train,B09,37557,31,37557,0.0011154249540698139,675,694,0.0008254120403653114,0.09750911300121506,675-694
train,B10,37728,15,37728,0.00043598290394402035,695,770,0.0003975826972010178,0.0979530797270773,695-max
